Name,Type,Alias,Rating,Num_Reviews,THC%,Other_Cannabinoids,Main_Effect,Terpene,cis-Nerolidol,trans-Nerolidol,trans-Nerolidol 1,trans-Nerolidol 2,trans-Ocimene,3-Carene,Camphene,Caryophyllene Oxide,Eucalyptol,Geraniol,Guaiol,Isopulegol,Linalool,Ocimene,Terpinolene,alpha-Bisabolol,alpha-Humulene,alpha-Pinene,alpha-Terpinene,beta-Caryophyllene,beta-Myrcene,beta-Ocimene,beta-Pinene,delta-Limonene,gamma-Terpinene,p-Cymene,delta-9 THC-A,delta-9 THC,delta-8 THC,THC-A,THCV,CBN,CBD-A,CBD,CBDV,CBDV-A,delta-9 CBG-A,delta-9 CBG,CBC,Moisture Content
Ice Cream Cake,Indica,,4.6,1039.0,THC 23%,CBG 1%,Sleepy,Caryophyllene,,,,,,0.0,0.005,0.013,0.002,0.008,0.0,0.0,0.278,0.0,0.002,0.053,0.197,0.018,0.0,0.453,0.262,,0.036,0.241,0.0,0.0,,0.41,0.0,20.72,0.0,0.0,0.04,0.0,0.0,0.0,0.6,0.09,,
Gelato,Hybrid,"aka Gelato 42, Larry Bird",4.6,2219.0,THC 16%,CBD 0%,Euphoric,Caryophyllene,,,,,,0.0,0.014,0.012,0.0,0.001,0.101,0.0,0.125,0.072,0.007,0.047,0.127,0.091,0.0,0.444,0.064,,0.104,0.628,0.0,0.0,,1.22,0.03,15.06,0.04,0.0,0.05,0.0,0.0,0.0,0.25,0.14,0.05,
Blue Dream,Hybrid,,4.3,14300.0,THC 18%,CBD 0%,Creative,Myrcene,,,,,,0.0,0.0,0.178,0.0,0.0,0.0,0.0,0.231,0.0,0.0,0.347,0.476,0.463,0.0,1.158,0.061,,0.222,0.026,0.0,0.0,,7.96,0.0,66.14,0.08,0.24,0.18,0.0,0.0,0.0,0.57,0.2,0.16,
Sour Diesel,Sativa,"aka Sour D, Sour Deez",4.3,8264.0,THC 19%,CBD 0%,Energetic,Caryophyllene,,,,,,0.0,0.0,0.0,0.0,0.0,0.0,0.0,0.077,0.021,0.0,0.0,0.141,0.072,0.0,0.403,0.39,,0.062,0.294,0.0,0.0,,76.4,0.57,0.22,0.53,3.46,0.07,0.3,0.0,0.0,0.0,2.47,0.09,
Dosidos,Hybrid,"aka Dosi, Do-Si-Dos",4.6,1073.0,THC 20%,CBG 1%,Sleepy,Limonene,,,,,,0.0,0.019,0.013,0.0,0.0,0.003,0.0,0.24,0.032,0.0,0.06,0.188,0.079,0.0,0.669,0.131,,0.124,0.66,0.0,0.0,,0.33,0.02,23.63,0.0,0.0,0.1,0.0,0.0,0.0,0.79,0.14,0.0,
GSC,Hybrid,aka Girl Scout Cookies,4.4,7409.0,THC 19%,CBG 1%,Hungry,Caryophyllene,,,,,,0.0,0.017,0.05,0.002,0.003,0.0,0.0,0.226,0.011,0.015,0.202,0.703,0.125,0.0,1.975,1.102,,0.149,0.661,0.0,0.0,,3.73,0.0,73.43,0.0,0.0,0.17,0.0,0.0,0.0,2.33,0.26,0.08,
Zkittlez,Indica,"aka Skittles, Skittlz, Island Zkittlez",4.5,857.0,THC 20%,CBG 1%,Relaxed,Caryophyllene,,,,,,0.0,0.134,0.112,0.139,0.102,0.0,0.0,6.778,0.04,0.122,0.069,10.474,0.544,0.0,32.262,0.396,,0.953,7.029,0.036,0.0,,,,,,,,,,,,,,
OG Kush,Hybrid,aka Premium OG Kush,4.3,5476.0,THC 18%,CBD 0%,Hungry,Myrcene,,,,,,0.0,0.013,0.092,0.0,0.0,0.019,0.0,0.12,0.0,0.008,0.547,0.85,0.086,0.0,2.706,0.186,,0.164,0.744,0.0,0.0,,1.94,0.0,67.34,0.12,0.0,0.16,0.0,0.0,0.0,1.93,0.2,0.0,
Biscotti,Hybrid,,4.6,393.0,THC 22%,CBG 2%,Tingly,Caryophyllene,,,,,,0.0,0.008,0.008,0.0,0.0,0.0,0.0,0.171,0.0,0.003,0.13,0.14,0.029,0.0,0.536,0.072,,0.056,0.325,0.0,0.0,,1.56,0.0,23.01,0.0,0.0,0.06,0.0,0.0,0.0,2.05,0.09,0.0,
Purple Punch,Indica,,4.6,1506.0,THC 18%,CBD 0%,Sleepy,Caryophyllene,,,,,,0.0,0.004,0.004,0.0,0.0,0.0,0.0,0.024,0.0,0.001,0.057,0.046,0.195,0.0,0.159,0.381,,0.098,0.077,0.0,0.0,,0.2,0.0,11.52,0.0,0.0,0.0,0.0,0.0,0.0,0.29,0.03,0.0,
Jack Herer,Sativa,"aka JH, The Jack, Premium Jack, Platinum Jack",4.4,4842.0,THC 18%,CBG 1%,Energetic,Terpinolene,,,,,,0.046,0.0,0.017,0.012,0.0,0.0,0.0,0.039,0.065,0.398,0.0,0.106,0.056,0.044,0.234,0.074,,0.073,0.074,0.038,0.029,,2.64,0.0,17.58,0.02,0.02,0.07,0.0,0.0,0.0,0.91,0.19,0.03,
Mimosa,Hybrid,aka Purple Mimosa,4.5,948.0,THC 20%,CBG 1%,Energetic,Myrcene,,,,,,0.0,0.004,0.006,0.0,0.003,0.112,0.0,0.153,0.0,0.006,0.042,0.045,0.013,0.0,0.138,0.431,,0.028,0.174,0.0,0.0,,0.46,0.0,18.15,0.0,0.0,0.05,0.0,0.0,0.0,0.28,0.09,0.0,
Sherbert,Hybrid,"aka Sherbet, Sunset Sherbet, Sunset Sherbert",4.6,1563.0,THC 18%,CBG 1%,Relaxed,Caryophyllene,,,,,,0.005,0.433,0.194,0.154,0.333,0.0,0.0,6.479,0.064,0.357,0.113,5.27,1.424,0.021,13.016,6.074,,2.692,11.274,0.035,0.01,,,,,,,,,,,,,,
Pineapple Express,Hybrid,,4.4,4120.0,THC 20%,CBG 1%,Energetic,Myrcene,,,,,,0.0,0.0,0.003,0.0,0.004,0.0,0.0,0.129,0.005,0.087,0.035,0.31,0.0,0.0,0.15,0.336,,0.0,0.164,0.0,0.0,,81.87,0.08,0.0,0.66,0.68,0.0,0.56,0.0,0.0,0.0,1.91,1.18,
Durban Poison,Sativa,,4.4,3562.0,THC 20%,CBG 1%,Energetic,Terpinolene,,,,,,0.02,0.008,0.189,0.002,0.002,0.0,0.0,0.0,0.0,1.087,0.02,2.082,0.054,0.024,3.913,0.069,,0.136,0.235,0.004,0.004,,79.94,0.0,0.0,0.89,0.75,0.0,0.21,0.0,0.0,0.0,2.26,2.56,
Northern Lights,Indica,aka NL,4.4,3479.0,THC 18%,CBG 1%,Sleepy,Myrcene,,,,,,0.0,0.025,0.01,0.0,0.0,0.0,0.0,0.058,0.0,0.016,0.0,0.073,0.08,0.0,0.174,0.167,,0.136,0.975,0.008,0.0,,0.33,0.0,25.27,0.02,0.0,0.09,0.0,0.0,0.0,1.19,0.17,0.02,
Green Crack,Sativa,"aka Green Crush, Mango Crack",4.3,6812.0,THC 17%,CBG 1%,Energetic,Myrcene,,,,,,0.0,0.006,0.007,0.0,0.0,0.008,0.0,0.039,0.24,0.004,0.075,0.074,0.106,0.0,0.186,0.588,,0.059,0.145,0.0,0.0,,0.83,0.03,21.23,0.02,0.0,0.06,0.0,0.0,0.0,1.73,0.11,0.0,
Gushers,Hybrid,"aka White Gushers, White Gusherz",4.6,219.0,THC 24%,CBG 1%,Tingly,Limonene,,,,,,0.0,0.014,0.011,0.0,0.003,0.013,0.0,0.161,0.029,0.017,0.064,0.081,0.054,0.0,0.298,0.058,,0.097,0.467,0.0,0.0,,0.69,0.0,23.53,0.0,0.0,0.06,0.0,0.0,0.0,1.29,0.06,0.0,
MAC,Hybrid,"aka Miracle Alien Cookies, Miracle Cookies",4.6,437.0,THC 22%,CBG 1%,Happy,Limonene,,,,,,0.0,0.015,0.031,0.007,0.003,0.0,0.0,0.184,0.046,0.027,0.266,0.127,0.163,0.0,0.362,0.043,,0.137,0.56,0.0,0.0,,0.41,0.0,16.63,0.02,0.0,0.03,0.0,0.0,0.0,1.0,0.08,0.0,
Slurricane,Indica,,4.6,357.0,THC 20%,CBG 1%,Sleepy,Caryophyllene,,,,,,0.0,0.011,0.012,0.0,0.0,0.14,0.0,0.064,0.023,0.01,0.051,0.063,0.082,0.0,0.198,0.066,,0.089,0.328,0.0,0.0,,0.33,0.0,20.96,0.0,0.0,0.03,0.0,0.0,0.0,0.47,0.06,0.0,
Strawberry Cough,Sativa,,4.3,2716.0,THC 19%,CBG 1%,Energetic,Myrcene,,,,,,0.0,0.006,0.013,0.0,0.0,0.061,0.0,0.081,0.034,0.0,0.006,0.087,0.019,0.0,0.161,1.011,,0.052,0.119,0.0,0.0,,1.01,0.01,17.43,0.04,0.0,0.07,0.0,0.0,0.0,0.66,0.04,0.01,
Blue Cookies,Hybrid,"aka Blue GSC, Blue Girl Scout Cookies",4.7,701.0,THC 17%,CBD 0%,Relaxed,Caryophyllene,,,,,,0.0,0.013,0.0,0.0,0.0,0.0,0.0,0.105,0.0,0.0,0.0,0.166,0.05,0.0,0.451,0.341,,0.083,0.545,0.0,0.0,,0.54,0.0,27.97,0.0,0.0,0.07,0.0,0.0,0.0,1.5,0.07,0.01,
Super Lemon Haze,Sativa,aka SLH,4.4,2357.0,THC 19%,CBG 1%,Energetic,Terpinolene,,,,,,0.06,0.0,0.021,0.01,0.0,0.031,0.0,0.054,0.205,0.746,0.0,0.189,0.073,0.057,0.458,0.171,,0.102,0.125,0.048,0.0,,1.28,0.0,20.03,0.02,0.0,0.08,0.04,0.01,0.0,1.8,0.11,0.0,
Bubba Kush,Indica,"aka BK, Bubba, Bubba OG Kush",4.3,3521.0,THC 17%,CBD 0%,Sleepy,Caryophyllene,,,,,,0.0,0.012,0.013,0.0,0.002,0.127,0.0,0.012,0.001,0.011,0.118,0.145,0.05,0.0,0.446,0.182,,0.083,0.567,0.002,0.0,,0.46,0.0,17.75,0.03,0.0,0.06,0.0,0.0,0.0,0.37,0.09,0.0,
Wedding Crasher,Hybrid,aka Wedding Crashers,4.6,291.0,THC 21%,CBG 1%,Focused,Caryophyllene,,,,,,0.0,0.008,0.039,0.0,0.002,0.0,0.0,0.112,0.022,0.004,0.216,0.25,0.045,0.0,0.784,0.032,,0.064,0.395,0.0,0.0,,0.39,0.0,20.44,0.0,0.0,0.04,0.0,0.0,0.0,2.11,0.07,0.0,
Lemon Haze,Sativa,,4.2,2507.0,THC 19%,CBG 1%,Energetic,Myrcene,,,,,,0.033,0.003,0.016,0.005,0.003,0.001,0.009,0.036,0.296,0.925,0.009,0.182,0.048,0.016,0.517,0.187,,0.088,0.147,0.018,0.003,,0.61,0.0,21.14,0.0,0.0,0.06,0.0,0.0,0.0,1.61,0.18,0.0,
Cookies and Cream,Hybrid,"aka Cookies n Cream, Cookies & Cream",4.5,691.0,THC 20%,CBG 2%,Happy,Caryophyllene,,,,,,0.0,0.018,0.0,0.0,0.0,0.0,0.0,0.045,0.0,0.0,0.0,0.103,0.054,0.0,0.282,0.148,,0.097,0.435,0.0,0.0,,0.82,0.0,26.17,0.0,0.0,0.02,0.0,0.0,0.0,1.5,0.06,0.0,
Forbidden Fruit,Indica,,4.6,883.0,THC 16%,CBD 0%,Sleepy,Myrcene,,,,,,0.0,0.004,0.006,0.0,0.003,0.085,0.0,0.155,0.0,0.004,0.034,0.06,0.016,0.0,0.2,0.633,,0.033,0.187,0.0,0.0,,0.29,0.0,19.43,0.0,0.0,0.06,0.0,0.0,0.0,0.6,0.09,0.0,
AK-47,Hybrid,aka AK,4.1,2945.0,THC 19%,CBD 0%,Talkative,Myrcene,,,,,,0.0,0.014,0.012,0.0,0.0,0.0,0.0,0.056,0.052,0.051,0.024,0.097,0.387,0.0,0.221,0.722,,0.14,0.229,0.0,0.0,,,,,,,,,,,,,,
SFV OG,Hybrid,"aka San Fernando Valley OG, San Fernando Valley Kush, San Fernando Valley",4.4,906.0,THC 20%,CBD 0%,Focused,Myrcene,,,,,,0.0,0.019,0.0,0.0,0.02,0.0,0.0,0.132,0.0,0.004,0.015,0.043,0.086,0.0,0.163,1.267,,0.153,1.015,0.0,0.0,,0.33,0.0,13.79,0.0,0.0,0.05,0.0,0.0,0.01,0.16,0.04,0.0,
Bubble Gum,Hybrid,aka Bubba Gum,4.1,1215.0,THC 17%,CBG 1%,Happy,Caryophyllene,,,,,,0.0,0.007,0.01,0.003,0.0,0.068,0.0,0.022,0.0,0.0,0.035,0.064,0.334,0.0,0.153,1.094,,0.164,0.107,0.0,0.0,,0.5,0.0,16.67,0.0,0.0,0.06,0.0,0.0,0.0,0.52,0.06,0.0,
Strawberry Banana,Hybrid,aka Strawnana,4.5,668.0,THC 21%,CBG 1%,Relaxed,Limonene,,,,,,0.0,0.025,0.018,0.0,0.0,0.0,0.0,0.0,0.128,0.045,0.0,0.096,0.102,0.0,0.229,0.184,,0.124,0.439,0.0,0.0,,0.14,0.0,20.81,0.0,0.0,0.08,0.0,0.0,0.0,0.69,0.27,0.0,
Trainwreck,Hybrid,,4.2,3099.0,THC 17%,CBG 1%,Euphoric,Terpinolene,,,,,,0.0,0.0,0.234,0.0,0.0,0.018,0.0,0.296,0.0,0.0,0.39,6.922,0.346,0.0,3.287,0.103,,0.0,0.012,0.0,0.0,,44.82,0.0,6.32,0.42,2.24,0.06,0.12,0.0,0.0,0.2,0.96,0.73,
Super Silver Haze,Sativa,aka SSH,4.3,2273.0,THC 20%,CBG 1%,Energetic,Myrcene,,,,,,0.0,0.011,0.01,0.0,0.0,0.0,0.0,0.144,0.0,0.011,0.007,0.095,0.03,0.0,0.293,0.93,,0.053,0.276,0.0,0.0,,0.35,0.0,20.52,0.02,0.0,0.09,0.0,0.0,0.0,1.18,0.14,0.02,
Grease Monkey,Hybrid,,4.6,480.0,THC 22%,CBG 1%,Sleepy,Caryophyllene,,,,,,0.0,0.016,0.014,0.0,0.0,0.0,0.0,0.061,0.071,0.033,0.001,0.166,0.334,0.0,0.328,0.802,,0.139,0.275,0.0,0.0,,,,,,,,,,,,,,
Purple Haze,Sativa,,4.2,1170.0,THC 16%,CBD 0%,Energetic,Myrcene,,,,,,0.0,0.011,0.01,0.0,0.0,0.044,0.0,0.052,0.0,0.011,0.0,0.119,0.022,0.0,0.306,0.24,,0.036,0.206,0.0,0.0,,0.11,0.0,10.49,0.01,0.0,0.04,0.0,0.0,0.0,0.15,0.01,0.02,
Zookies,Hybrid,,4.6,203.0,THC 21%,CBG 1%,Focused,Caryophyllene,,,,,,0.0,0.0,0.022,0.0,0.0,0.0,0.0,0.13,0.0,0.0,0.093,0.239,0.023,0.0,0.774,0.0,,0.045,0.317,0.0,0.0,,0.7,0.0,21.09,0.0,0.0,0.02,0.0,0.0,0.0,0.39,0.03,0.02,
Grape Ape,Indica,,4.3,2136.0,THC 18%,CBD 0%,Sleepy,Myrcene,,,,,,0.0,0.007,0.006,0.0,0.0,0.125,0.0,0.009,0.0,0.004,0.122,0.05,0.018,0.0,0.159,0.68,,0.036,0.19,0.0,0.0,,0.27,0.01,18.13,0.04,0.0,0.08,0.0,0.0,0.01,1.19,0.06,0.0,
Tahoe OG,Hybrid,aka Tahoe OG Kush,4.4,1452.0,THC 21%,CBG 1%,Sleepy,Myrcene,,,,,,0.0,0.0,0.15,0.0,0.0,0.261,0.0,0.164,0.026,0.031,0.352,0.379,0.239,0.0,0.975,0.207,,0.101,0.187,0.0,0.0,,3.4,0.0,66.26,0.12,0.07,0.55,0.02,0.0,0.0,4.77,0.29,0.0,
Birthday Cake,Hybrid,"aka Birthday Cake Kush, Birthday Cake #3",4.5,517.0,THC 20%,CBG 1%,Relaxed,Caryophyllene,,,,,,0.0,0.006,0.009,0.0,0.003,0.0,0.0,0.17,0.0,0.006,0.037,0.163,0.031,0.0,0.393,0.448,,0.058,0.335,0.0,0.0,,0.73,0.0,19.83,0.01,0.0,0.05,0.0,0.0,0.0,0.47,0.13,0.01,
Banana Kush,Hybrid,,4.2,1229.0,THC 21%,CBD 0%,Talkative,Limonene,,,,,,0.0,0.043,0.064,0.0,0.003,0.0,0.0,0.123,0.071,0.038,0.0,0.473,0.397,0.0,1.284,1.004,,0.482,2.211,0.0,0.0,,80.65,0.0,0.0,0.95,0.72,0.0,0.21,0.0,0.0,0.0,2.29,2.65,
Alien OG,Hybrid,aka Alien OG Kush,4.4,1134.0,THC 19%,CBG 1%,Euphoric,Myrcene,,,,,,0.0,0.008,0.0,0.0,0.0,0.0,0.0,0.102,0.0,0.0,0.0,0.117,0.046,0.0,0.346,0.455,,0.089,0.362,0.0,0.0,,0.91,0.0,22.02,0.0,0.0,0.05,0.0,0.0,0.0,0.59,0.12,0.0,
Ghost Train Haze,Sativa,,4.5,1153.0,THC 18%,CBG 2%,Energetic,Terpinolene,,,,,,0.055,0.005,0.0,0.006,0.003,0.001,0.004,0.011,0.064,1.367,0.007,0.01,0.089,0.037,0.03,0.23,,0.149,0.286,0.021,0.002,,0.56,0.0,14.95,0.0,0.0,0.06,0.0,0.0,0.0,1.73,0.12,0.0,
Thin Mint,Hybrid,"aka Thin Mint GSC, Thin Mints, Thin Mint Cookies, Thin Mint Girl Scout Cookies",4.6,842.0,THC 19%,CBD 0%,Uplifted,Caryophyllene,,,,,,0.0,0.005,0.015,0.003,0.0,0.0,0.0,0.003,0.089,0.006,0.094,0.128,0.226,0.0,0.464,1.488,,0.088,0.105,0.0,0.0,,1.16,0.0,21.18,0.0,0.0,0.06,0.0,0.0,0.0,0.2,0.08,0.0,
Animal Cookies,Hybrid,aka Animal Crackers,4.5,1085.0,THC 19%,CBG 1%,Relaxed,Caryophyllene,,,,,,0.0,0.0,0.0,0.0,0.0,0.0,0.0,0.073,0.0,0.0,0.034,0.329,0.016,0.0,0.89,0.226,,0.031,0.198,0.0,0.0,,1.25,0.0,24.15,0.0,0.0,0.06,0.0,0.0,0.0,2.09,0.07,0.01,
Blueberry Muffin,Hybrid,aka Blueberry Muffins,4.6,310.0,THC 20%,CBG 1%,Relaxed,Caryophyllene,,,,,,0.0,0.0,0.172,0.0,0.0,0.008,0.0,0.0,0.0,0.0,0.0,0.252,0.072,0.0,0.875,0.082,,0.048,0.018,0.0,0.0,,4.17,0.0,78.48,0.06,0.12,0.18,0.0,0.0,0.0,0.28,0.33,0.16,
Guava,Sativa,,4.5,59.0,THC 19%,CBG 1%,Uplifted,Caryophyllene,,,,,,0.0,0.013,0.008,0.003,0.0,0.0,0.0,0.134,0.025,0.006,0.057,0.099,0.063,0.0,0.358,0.056,,0.091,0.445,0.0,0.0,,2.06,0.0,21.06,0.0,0.0,0.06,0.0,0.0,0.0,0.46,0.1,0.04,
Tangie,Sativa,,4.4,1279.0,THC 17%,CBG 1%,Energetic,Myrcene,,,,,,0.0,0.0,0.0,0.0,0.0,0.0,0.0,0.0,0.0,0.0,0.0,0.086,0.0,0.0,0.082,0.0,,0.0,0.102,0.0,0.0,,71.6,0.66,0.0,1.02,3.43,0.03,0.36,0.0,0.0,0.0,3.61,0.0,
Platinum OG,Indica,,4.4,969.0,THC 19%,CBD 0%,Sleepy,Myrcene,,,,,,0.0,0.02,0.01,0.0,0.001,0.125,0.0,0.121,0.077,0.01,0.05,0.129,0.168,0.0,0.447,0.091,,0.157,0.885,0.0,0.0,,0.95,0.02,16.76,0.04,0.0,0.05,0.0,0.0,0.0,0.24,0.14,0.06,
Platinum Cookies,Hybrid,"aka Platinum Girl Scout Cookies, Platinum GSC, PGSC",4.5,1362.0,THC 17%,CBD 0%,Relaxed,Caryophyllene,,,,,,0.0,0.01,0.021,0.0,0.0,0.005,0.0,0.269,0.0,0.003,0.006,0.302,0.041,0.0,0.731,0.18,,0.08,0.451,0.0,0.0,,0.39,0.0,21.68,0.01,0.0,0.07,0.0,0.0,0.0,1.1,0.12,0.0,
Mochi,Hybrid,"aka Gelato 47, Mochi Gelato",4.6,102.0,THC 10%,CBD 0%,Sleepy,Myrcene,,,,,,0.0,0.0,0.0,0.0,0.0,0.056,0.0,0.025,0.027,0.0,0.0,0.049,0.161,0.0,0.126,0.547,,0.073,0.133,0.0,0.0,,0.51,0.0,10.44,0.0,0.0,0.05,0.0,0.0,0.0,0.18,0.02,0.0,
Fire OG,Hybrid,aka Fire OG Kush,4.4,1190.0,THC 20%,CBD 0%,Hungry,Myrcene,,,,,,0.0,0.0,0.141,0.0,0.012,0.011,0.0,0.472,0.104,0.0,0.503,0.821,0.103,0.0,2.572,0.406,,0.101,0.376,0.0,0.0,,6.46,0.0,72.05,0.0,0.0,0.18,0.0,0.0,0.0,2.01,0.34,0.0,
Skunk 1,Hybrid,"aka Skunk No. 1, Skunk, Skunk #1",4.1,498.0,THC 17%,CBG 1%,Hungry,Myrcene,,,,,,0.0,0.019,0.017,0.0,0.034,0.028,0.0,0.164,0.0,0.037,0.023,0.132,0.056,0.0,0.306,0.085,,0.091,0.383,0.0,0.0,,0.54,0.0,15.51,0.02,0.0,0.08,0.0,0.0,0.0,0.19,0.05,0.0,
Headband,Hybrid,aka HB,4.2,2642.0,THC 19%,CBG 1%,Euphoric,Caryophyllene,,,,,,0.0,0.0,0.0,0.0,0.0,0.0,0.0,0.309,0.0,0.01,0.297,0.736,0.062,0.0,1.806,0.415,,0.107,0.9,0.0,0.0,,5.53,0.0,69.66,0.0,0.0,0.18,0.0,0.0,0.0,0.83,0.28,0.08,
Khalifa Kush,Hybrid,"aka KK, Wiz Khalifa, Wiz Khalifa Kush, Kalifa Kush",4.6,681.0,THC 21%,CBD 0%,Creative,Limonene,,,,,,0.0,0.013,0.011,0.0,0.009,0.001,0.011,0.207,0.001,0.015,0.067,0.193,0.049,0.0,0.6,1.05,,0.079,0.458,0.0,0.0,,1.4,0.0,23.75,0.0,0.0,0.06,0.0,0.0,0.0,0.99,0.15,,
Purple Urkle,Indica,,4.3,1283.0,THC 18%,CBD 0%,Sleepy,Myrcene,,,,,,0.0,0.002,0.009,0.002,0.0,0.0,0.0,0.082,0.07,0.0,0.039,0.084,0.173,0.0,0.314,0.525,,0.046,0.025,0.0,0.0,,0.35,0.0,22.95,0.0,0.0,0.02,0.0,0.0,0.0,0.35,0.16,0.0,
Wedding Pie,Hybrid,,4.7,98.0,THC 26%,CBG 1%,Sleepy,Limonene,,,,,,0.0,0.005,0.027,0.0,0.002,0.163,0.0,0.109,0.0,0.0,0.069,0.15,0.019,0.0,0.487,0.011,,0.031,0.199,0.0,0.0,,0.44,0.0,19.19,0.0,0.0,0.04,0.0,0.0,0.0,0.68,0.06,0.0,
Haze,Sativa,"aka Original Haze, Haze Brothers",4.1,471.0,THC 18%,CBD 0%,Energetic,Myrcene,,,,,,0.0,0.0,0.0,0.0,0.0,0.0,0.0,1.146,0.0,0.0,0.0,0.107,0.617,0.0,0.794,0.791,,0.159,2.203,0.0,0.0,,73.8,0.0,0.0,0.57,2.51,0.0,2.89,0.0,0.0,0.0,3.58,2.01,
Hindu Kush,Indica,aka Hindi Kush,4.3,1208.0,THC 19%,CBG 1%,Sleepy,Limonene,,,,,,0.0,0.0,0.071,0.0,0.0,0.023,0.0,0.144,0.0,0.015,0.394,0.434,0.011,0.0,1.364,0.025,,0.017,0.074,0.0,0.0,,8.19,0.0,72.4,0.0,0.08,0.32,0.0,0.0,0.0,1.56,0.27,0.24,
Gorilla Cookies,Hybrid,,4.6,284.0,THC 21%,CBG 1%,Relaxed,Caryophyllene,,,,,,0.0,0.006,0.01,0.002,0.0,0.003,0.0,0.022,0.085,0.004,0.011,0.205,0.501,0.0,0.707,0.672,,0.138,0.088,0.0,0.0,,0.45,0.0,21.76,0.0,0.0,0.08,0.0,0.0,0.0,0.55,0.08,0.0,
9 lb Hammer,Indica,"aka 9 Pound Hammer, Nine Pound Hammer",4.6,1044.0,THC 20%,CBG 1%,Sleepy,Myrcene,,,,,,0.0,0.0,0.0,0.0,0.0,0.033,0.0,0.006,0.064,0.0,0.0,0.051,0.221,0.0,0.201,0.599,,0.055,0.061,0.0,0.0,,0.75,0.01,17.11,0.02,0.0,0.05,0.0,0.0,0.0,0.46,0.06,0.03,
Afghani,Indica,"aka Afghan, Afghanistan",4.3,678.0,THC 19%,CBG 1%,Sleepy,Myrcene,,,,,,0.0,0.0,0.0,0.0,0.0,0.0,0.0,0.026,0.054,0.0,0.0,0.165,0.179,0.0,0.375,0.535,,0.101,0.239,0.0,0.0,,2.18,0.0,18.3,0.0,0.0,0.0,0.0,0.0,0.0,1.11,0.08,0.03,
Orange Cookies,Hybrid,,4.6,496.0,THC 20%,CBG 1%,Happy,Terpinolene,,,,,,0.0,0.0,0.0,0.009,0.0,0.132,0.0,0.097,0.0,0.764,0.042,0.23,0.028,0.0,0.728,0.447,,0.084,0.333,0.0,0.0,,2.87,0.0,75.55,0.01,0.11,0.18,0.0,0.0,0.02,2.44,0.37,0.0,
LSD,Hybrid,,4.3,1149.0,THC 18%,CBG 1%,Euphoric,Myrcene,,,,,,0.0,0.021,0.125,0.0,0.0,0.0,0.0,0.143,0.0,0.034,0.308,0.696,0.132,0.0,2.373,0.322,,0.169,0.596,0.0,0.0,,7.93,0.0,60.18,0.0,0.06,0.19,0.0,0.0,0.0,2.08,0.24,0.25,
Triangle Kush,Indica,"aka OG Triangle, Triangle OG",4.6,250.0,THC 20%,CBG 1%,Relaxed,Myrcene,,,,,,0.0,0.02,0.001,0.0,0.002,0.0,0.0,0.094,0.0,0.016,0.0,0.087,0.06,0.0,0.288,0.492,,0.096,0.497,0.0,0.0,,0.77,0.0,23.77,0.0,0.0,0.05,0.0,0.0,0.01,1.08,0.12,0.01,
Clementine,Sativa,,4.4,518.0,THC 18%,CBG 1%,Energetic,Terpinolene,,,,,,0.0,0.0,0.03,0.007,0.0,0.0,0.0,0.206,0.019,0.058,0.053,0.203,0.0,0.0,0.518,0.041,,0.0,0.035,0.01,0.0,,1.1,0.07,79.44,0.03,0.0,0.2,0.0,0.0,0.0,4.34,0.29,0.0,
Orange Creamsicle,Hybrid,,4.5,212.0,THC 30%,CBG 1%,Uplifted,Myrcene,,,,,,0.0,0.0,0.0,0.0,0.0,0.041,0.0,0.028,0.113,0.519,0.039,0.088,0.03,0.0,0.293,0.135,,0.054,0.145,0.0,0.0,,0.47,0.0,14.12,0.0,0.0,0.01,0.0,0.0,0.0,0.52,0.02,,
Gelato 45,Hybrid,,4.5,27.0,THC 22%,CBG 1%,Relaxed,Caryophyllene,,,,,,0.0,0.012,0.006,0.0,0.008,0.0,0.0,0.212,0.008,0.003,0.0,0.039,0.043,0.0,0.127,0.096,,0.075,0.353,0.0,0.0,,1.16,0.0,25.53,0.0,0.0,0.06,0.0,0.0,0.0,0.76,0.15,0.03,
Blackberry Kush,Indica,aka BBK,4.2,1981.0,THC 17%,CBD 0%,Sleepy,Caryophyllene,,,,,,0.0,0.0,0.073,0.0,0.003,0.014,0.0,0.025,0.0,0.0,0.163,0.04,0.0,0.0,0.055,0.0,,0.0,0.0,0.0,0.0,,3.72,0.23,79.22,0.05,0.12,0.17,0.01,0.0,0.03,1.21,0.26,0.0,
LA Confidential,Indica,"aka Confidential, Confidential OG",4.3,1386.0,THC 17%,CBG 1%,Sleepy,Pinene,,,,,,0.0,0.029,0.188,0.0,0.0,0.112,0.0,0.102,0.033,0.058,0.256,0.468,0.21,0.0,1.522,0.256,,0.269,0.773,0.0,0.0,,2.69,0.0,71.78,0.0,0.0,0.16,0.0,0.0,0.0,1.73,0.25,0.0,
Lemon Skunk,Hybrid,aka Lemon Skunk OG,4.3,1062.0,THC 19%,CBG 1%,Energetic,Caryophyllene,,,,,,0.0,0.0,0.0,0.0,0.0,0.0,0.0,0.138,0.0,0.0,0.021,0.175,0.042,0.0,0.464,0.364,,0.08,0.409,0.0,0.0,,1.67,0.0,25.86,0.0,0.0,0.02,0.0,0.0,0.0,0.7,0.1,0.0,
Ghost OG,Hybrid,aka Ghost OG Kush,4.5,643.0,THC 19%,CBD 0%,Relaxed,Myrcene,,,,,,0.0,0.017,0.005,0.0,0.007,0.0,0.0,0.139,0.002,0.007,0.041,0.155,0.063,0.0,0.497,1.517,,0.121,0.662,0.0,0.0,,0.68,0.0,21.4,0.0,0.0,0.06,0.0,0.0,0.0,0.48,0.11,0.0,
Master Kush,Indica,"aka High Rise, Grandmaster Kush, Purple SoCal Master Kush",4.3,1791.0,THC 17%,CBG 1%,Sleepy,Myrcene,,,,,,0.0,0.005,0.017,0.0,0.003,0.0,0.0,0.091,0.0,0.004,0.143,0.129,0.018,0.0,0.437,0.099,,0.034,0.185,0.001,0.0,,1.4,0.0,13.43,0.0,0.0,0.03,0.0,0.0,0.0,0.37,0.04,0.02,
Banana OG,Hybrid,,4.3,573.0,THC 20%,CBG 1%,Sleepy,Limonene,,,,,,0.0,0.015,0.079,0.0,0.0,0.0,0.0,0.13,0.0,0.012,0.003,0.132,0.042,0.0,0.431,0.043,,0.077,0.216,0.0,0.0,,4.87,0.13,68.88,0.06,0.0,0.25,0.0,0.03,0.0,0.48,0.28,0.22,
OGKB,Hybrid,aka OG Kush Breath,4.4,81.0,THC 25%,CBG 1%,Sleepy,Terpinolene,,,,,,0.0,0.011,0.013,0.0,0.0,0.0,0.0,0.166,0.0,0.008,0.093,0.288,0.048,0.0,0.786,0.722,,0.094,0.484,0.0,0.0,,0.74,0.0,29.59,0.0,0.0,0.1,0.0,0.0,0.0,1.5,0.05,0.0,
Lemon Cake,Sativa,,4.4,212.0,THC 17%,CBG 1%,Uplifted,Myrcene,,,,,,0.019,0.004,0.031,0.018,0.001,0.005,0.004,0.04,0.004,0.367,0.133,0.177,0.049,0.01,0.467,0.154,,0.075,0.155,0.008,0.002,,0.43,0.0,14.72,0.0,0.0,0.04,0.0,0.0,0.0,0.48,0.02,0.0,
Venom OG,Hybrid,"aka Venom, Venom OG Kush",4.4,287.0,THC 20%,CBG 1%,Sleepy,Myrcene,,,,,,0.0,0.018,0.007,0.0,0.0,0.0,0.0,0.181,0.0,0.006,0.0,0.118,0.058,0.0,0.388,0.58,,0.114,0.633,0.0,0.0,,1.18,0.0,23.65,0.0,0.0,0.02,0.0,0.0,,0.48,0.11,0.0,
Super Skunk,Indica,,4.2,600.0,THC 16%,CBG 1%,Sleepy,Caryophyllene,,,,,,0.0,0.005,0.01,0.0,0.0,0.0,0.0,0.087,0.0,0.004,0.0,0.181,0.014,0.0,0.442,0.219,,0.026,0.154,0.0,0.0,,0.31,0.0,14.74,0.01,0.0,0.05,0.0,0.0,0.01,0.2,0.06,0.0,
Lemon Kush,Hybrid,aka Cali Lemon Kush,4.1,1236.0,THC 19%,CBG 1%,Giggly,Myrcene,,,,,,0.0,0.013,0.018,0.0,0.011,0.081,0.0,0.218,0.003,0.009,0.053,0.129,0.046,0.0,0.409,0.217,,0.085,0.659,0.0,0.0,,0.78,0.0,26.91,0.0,0.0,0.07,0.0,0.0,0.0,0.83,0.13,0.0,
Larry OG,Hybrid,"aka Lemon Larry, Sour Larry, Zour Larry",4.2,812.0,THC 20%,CBD 0%,Hungry,Myrcene,,,,,,0.0,0.022,0.008,0.0,0.034,0.0,0.0,0.0,0.0,0.036,0.018,0.14,0.07,0.0,0.391,0.093,,0.107,0.501,0.0,0.0,,0.43,0.0,21.59,0.02,0.0,0.04,0.0,0.0,0.0,0.49,0.12,0.0,
Golden Goat,Hybrid,,4.5,1434.0,THC 19%,CBG 1%,Energetic,Terpinolene,,,,,,0.049,0.006,0.006,0.007,0.0,0.07,0.008,0.031,0.112,1.176,0.029,0.117,0.22,0.034,0.316,0.526,,0.208,0.3,0.016,0.0,,0.48,0.0,27.65,0.0,0.0,0.07,0.0,0.0,0.0,0.75,0.1,0.0,
NYC Diesel,Hybrid,"aka New York Diesel, New York City Diesel, NYC Sour Diesel",4.2,955.0,THC 20%,CBG 1%,Energetic,Myrcene,,,,,,0.0,0.009,0.005,0.0,0.0,0.0,0.0,0.078,0.0,0.003,0.083,0.088,0.061,0.0,0.291,0.64,,0.07,0.307,0.0,0.0,,0.65,0.0,21.46,0.0,0.0,0.04,0.0,0.0,0.0,0.67,0.12,0.0,
Cheese,Hybrid,aka Dinafem Cheese,4.0,1583.0,THC 18%,CBD 0%,Hungry,Myrcene,,,,,,0.0,0.164,0.156,0.129,0.019,0.008,0.0,2.276,0.027,0.186,0.02,4.755,0.607,0.016,12.064,1.894,,1.123,7.745,0.035,0.0,,,,,,,,,,,,,,
Critical Kush,Indica,,4.4,712.0,THC 18%,CBG 1%,Sleepy,Myrcene,,,,,,0.019,0.0,0.008,0.0,0.0,0.053,0.0,0.019,0.363,0.562,0.04,0.084,0.042,0.015,0.211,0.125,,0.054,0.132,0.01,0.002,,2.58,0.0,14.62,0.04,0.0,0.11,0.0,0.0,0.0,4.26,0.25,0.06,
Chocolope,Sativa,aka D-Line,4.3,1372.0,THC 22%,CBG 3%,Energetic,Terpinolene,,,,,,0.0,0.0,0.277,0.0,0.0,0.015,0.0,0.122,0.0,0.011,0.467,0.685,0.033,0.0,2.027,0.078,,0.055,0.227,0.0,0.0,,2.8,0.0,69.89,0.0,0.0,0.17,0.0,0.0,0.0,1.46,0.21,0.0,
Sour Tangie,Sativa,aka Sunva,4.6,695.0,THC 18%,CBD 0%,Energetic,Myrcene,,,,,,0.0,0.004,0.008,0.0,0.0,0.0,0.0,0.02,0.007,0.004,0.072,0.12,0.023,0.0,0.292,0.11,,0.033,0.11,0.0,0.0,,0.23,0.0,16.31,0.0,0.0,0.08,0.0,0.0,0.0,0.42,0.08,0.0,
Death Star,Indica,aka Deathstar,4.5,1433.0,THC 19%,CBD 0%,Sleepy,Caryophyllene,,,,,,0.0,0.012,0.023,0.0,0.0,0.0,0.0,0.103,0.0,0.043,0.0,0.194,0.038,0.0,0.578,0.139,,0.077,0.315,0.0,0.0,,0.36,0.0,14.14,0.04,0.0,0.09,0.0,0.01,0.01,0.63,0.03,0.01,
Blueberry Kush,Indica,aka Blueberry OG Kush,4.2,1101.0,THC 18%,CBG 1%,Sleepy,Myrcene,,,,,,0.0,0.017,0.005,0.0,0.0,0.014,0.0,0.062,0.0,0.007,0.05,0.064,0.926,0.0,0.177,0.57,,0.364,0.239,0.0,0.0,,0.35,0.0,23.27,0.0,0.0,0.06,0.0,0.0,0.0,0.27,0.06,0.0,
Key Lime Pie,Hybrid,"aka Key Lime GSC, Key Lime Cookies",4.5,378.0,THC 20%,CBG 1%,Happy,Caryophyllene,,,,,,0.0,0.001,0.0,0.0,0.001,0.051,0.0,0.033,0.0,0.0,0.0,0.149,0.019,0.0,0.388,0.091,,0.039,0.244,0.0,0.0,,0.45,0.02,18.76,0.02,0.0,0.08,0.0,0.0,0.0,0.29,0.12,0.07,
Pink Lemonade,Hybrid,,4.5,185.0,THC 18%,CBG 1%,Energetic,Ocimene,,,,,,0.0,0.004,0.007,0.003,0.0,0.078,0.0,0.044,0.023,0.0,0.002,0.043,0.025,0.0,0.154,0.269,,0.03,0.13,0.0,0.0,,0.41,0.0,11.61,0.0,0.0,0.1,0.0,0.0,0.0,0.64,0.02,0.0,
Mango Haze,Sativa,,4.5,330.0,THC 20%,CBD 0%,Energetic,Terpinolene,,,,,,0.0,0.0,0.0,0.0,0.0,0.0,0.0,0.05,0.0,0.0,0.0,0.035,0.361,0.0,0.101,0.643,,0.144,0.075,0.0,0.0,,0.29,0.15,20.2,0.0,0.0,0.08,0.0,0.0,0.02,0.2,0.04,0.0,
Lemon OG,Hybrid,aka Lemon OG Kush,4.3,540.0,THC 19%,CBD 0%,Hungry,Caryophyllene,,,,,,0.0,0.012,0.166,0.027,0.019,0.0,0.0,0.47,0.011,0.013,0.523,0.562,0.096,0.0,1.419,0.261,,0.109,0.489,0.0,0.0,,4.6,0.0,67.65,0.0,0.05,0.9,0.0,0.0,0.0,1.47,0.19,0.06,
Super Sour Diesel,Sativa,"aka Super Diesel, Super Sour",4.4,613.0,THC 23%,CBD 0%,Energetic,Limonene,,,,,,0.0,0.027,0.009,0.0,0.04,0.0,0.0,0.0,0.0,0.042,0.017,0.141,0.089,0.0,0.382,0.312,,0.123,0.655,0.0,0.0,,0.7,0.01,21.7,0.03,0.0,0.05,0.0,0.0,0.0,0.46,0.11,0.02,
Mango,Indica,aka Mango OG,4.1,531.0,THC 17%,CBD 0%,Hungry,Myrcene,,,,,,0.0,0.005,0.008,0.0,0.0,0.0,0.0,0.053,0.204,0.002,0.08,0.089,0.088,0.0,0.235,0.464,,0.054,0.097,0.0,0.0,,0.73,0.0,18.66,0.0,0.0,0.06,0.0,0.0,0.0,1.58,0.13,0.0,
Grapefruit,Sativa,,4.2,597.0,THC 19%,CBD 0%,Energetic,Myrcene,,,,,,0.0,0.0,0.0,0.0,0.0,0.0,0.0,0.071,0.0,0.0,0.0,0.04,0.66,0.0,0.148,1.252,,0.315,0.095,0.0,0.0,,1.7,0.0,16.09,0.0,0.0,0.05,0.0,0.0,0.0,0.17,0.04,0.03,
Black Jack,Hybrid,,4.4,529.0,THC 19%,CBG 1%,Energetic,Terpinolene,,,,,,0.0,0.011,0.011,0.0,0.0,0.0,0.0,0.082,0.0,0.034,0.042,0.114,0.036,0.0,0.317,0.201,,0.064,0.295,0.0,0.0,,0.31,0.0,18.18,0.01,0.0,0.05,0.0,0.0,0.0,1.12,0.04,0.01,
The White,Hybrid,,4.5,370.0,THC 21%,CBG 1%,Sleepy,Myrcene,,,,,,0.0,0.006,0.006,0.0,0.0,0.002,0.0,0.027,0.0,0.005,0.044,0.073,0.025,0.0,0.24,0.414,,0.047,0.186,0.0,0.0,,0.61,0.03,19.6,0.01,0.0,0.07,0.0,0.0,0.0,0.52,0.05,0.0,
Godfather OG,Indica,"aka Godfather, The Don of All OGs",4.5,219.0,THC 18%,CBD 0%,Sleepy,Myrcene,,,,,,0.0,0.0,0.003,0.006,0.0,0.026,0.0,0.005,0.013,0.0,0.024,0.024,0.002,0.0,0.059,0.5,,0.007,0.005,0.001,0.0,,2.25,0.0,13.02,0.0,0.02,0.05,0.0,0.0,0.0,0.17,0.02,0.04,
Dutch Treat,Hybrid,,4.3,1046.0,THC 19%,CBG 1%,Euphoric,Terpinolene,,,,,,0.058,0.0,0.003,0.006,0.0,0.052,0.0,0.057,0.478,1.663,0.028,0.053,0.1,0.035,0.123,0.971,,0.165,0.309,0.025,0.0,,0.39,0.0,22.09,0.0,0.0,0.11,0.0,0.0,0.0,1.36,0.17,0.0,
Strawberry Lemonade,Sativa,aka Mike's Strawberry Lemonade,4.3,258.0,THC 20%,CBD 0%,Energetic,Myrcene,,,,,,0.0,0.002,0.004,0.0,0.0,0.034,0.0,0.054,0.05,0.0,0.052,0.038,0.011,0.0,0.142,1.097,,0.029,0.078,0.0,0.0,,0.84,0.0,23.06,0.0,0.0,0.08,0.0,0.0,0.0,0.24,0.12,0.0,
Grape Stomper,Hybrid,aka Sour Grapes,4.3,399.0,THC 18%,CBG 1%,Tingly,Myrcene,,,,,,0.0,0.01,0.004,0.0,0.0,0.093,0.0,0.193,0.088,0.004,0.0,0.117,0.033,0.0,0.423,0.847,,0.062,0.402,0.0,0.0,,2.26,0.0,24.92,0.0,0.0,0.05,0.0,0.0,0.0,1.61,0.17,0.0,
Lemon Meringue,Sativa,aka Lemon Meringue Pie,4.6,249.0,THC 21%,CBG 2%,Energetic,Terpinolene,,,,,,0.0,0.014,0.007,0.0,0.0,0.053,0.0,0.197,0.0,0.033,0.002,0.065,0.045,0.0,0.141,1.24,,0.083,0.256,0.0,0.0,,0.3,0.0,33.37,0.0,0.0,0.08,0.0,0.0,0.0,0.74,0.16,0.0,
24k Gold,Hybrid,aka 24k,4.5,325.0,THC 20%,CBG 1%,Relaxed,Myrcene,,,,,,0.0,0.011,0.003,0.0,0.001,0.0,0.0,0.075,0.001,0.007,0.0,0.074,0.045,0.0,0.192,1.583,,0.091,0.493,0.0,0.0,,0.43,0.0,24.35,0.0,0.0,0.09,0.0,0.0,0.0,0.5,0.18,0.0,
Lucky Charms,Hybrid,,4.5,223.0,THC 23%,CBD 0%,Creative,Limonene,,,,,,0.0,0.027,0.014,0.0,0.028,0.0,0.0,0.298,0.002,0.013,0.163,0.35,0.102,0.0,1.199,0.316,,0.162,1.081,0.0,0.0,,1.23,0.0,23.94,0.0,0.0,0.08,0.0,0.0,0.0,4.6,0.18,0.03,
Face Off OG,Indica,"aka Faceoff OG Kush, Face Off, OG Face Off",4.7,164.0,THC 22%,CBG 1%,Sleepy,Myrcene,,,,,,0.0,0.015,0.003,0.0,0.001,0.0,0.0,0.157,0.003,0.008,0.027,0.126,0.057,0.0,0.424,1.553,,0.111,0.725,0.0,0.0,,0.42,0.0,24.67,0.0,0.0,0.08,0.0,0.0,0.0,0.89,0.09,0.0,
Sour OG,Hybrid,aka Sour OG Kush,4.3,769.0,THC 21%,CBD 0%,Talkative,Limonene,,,,,,0.0,0.0,0.073,0.0,0.023,0.012,0.0,0.189,0.0,0.0,0.425,0.631,0.032,0.0,1.738,0.024,,0.037,0.158,0.0,0.0,,11.79,0.04,69.72,0.0,0.08,0.19,0.0,0.0,0.0,1.01,0.27,0.16,
Diamond OG,Indica,,4.5,423.0,THC 17%,CBD 0%,Sleepy,Pinene,,,,,,0.0,0.0,0.073,0.0,0.0,0.041,0.026,0.208,0.0,0.0,0.137,0.177,0.0,0.0,0.494,0.0,,0.0,0.01,0.0,0.0,,6.11,0.1,72.86,0.06,0.0,0.22,0.0,0.0,0.0,2.02,0.32,0.3,
Black Domina,Indica,,4.1,339.0,THC 20%,CBG 1%,Sleepy,Myrcene,,,,,,0.0,0.01,0.012,0.0,0.0,0.0,0.0,0.0,0.038,0.0,0.0,0.045,0.155,0.0,0.143,0.464,,0.087,0.085,0.0,0.0,,0.36,0.0,21.3,0.0,0.0,0.05,0.0,0.0,0.0,0.92,0.1,0.0,
SFV OG Kush,Indica,"aka San Fernando Valley Kush, SFV OG, SFV, San Fernando Valley OG",4.4,242.0,THC 19%,CBD 0%,Sleepy,Myrcene,,,,,,0.0,0.0,0.0,0.0,0.0,0.0,0.0,0.119,0.0,0.0,0.0,0.142,0.033,0.0,0.471,1.175,,0.067,0.371,0.0,0.0,,1.95,0.0,19.87,0.0,0.0,0.02,0.0,0.0,0.0,0.63,0.09,0.01,
Pineapple,Hybrid,aka Pineapple OG,4.2,537.0,THC 13%,CBG 1%,Happy,Myrcene,,,,,,0.0,0.0,0.048,0.0,0.0,0.012,0.0,0.211,0.024,0.053,0.04,0.6,0.01,0.0,1.301,0.06,,0.013,0.073,0.0,0.0,,0.91,0.05,85.77,0.04,0.0,0.16,0.0,0.0,0.0,1.02,0.14,0.0,
Blueberry Cookies,Hybrid,,4.6,154.0,THC 16%,CBD 0%,Tingly,Myrcene,,,,,,0.0,0.014,0.015,0.0,0.0,0.0,0.0,0.084,0.0,0.0,0.0,0.115,0.552,0.0,0.413,0.964,,0.239,0.154,0.0,0.0,,0.78,0.0,17.89,0.0,0.0,0.07,0.0,0.0,0.0,0.45,0.06,0.0,
Laughing Buddha,Sativa,,4.5,263.0,THC 22%,CBG 2%,Giggly,Myrcene,,,,,,0.0,0.023,0.0,0.0,0.006,0.0,0.0,0.057,0.0,0.016,0.0,0.136,0.055,0.0,0.46,0.319,,0.09,0.573,0.0,0.0,,0.76,0.0,26.38,0.0,0.0,0.07,0.0,0.0,0.0,0.68,0.11,0.0,
OG #18,Hybrid,"aka Private Reserve OG, Private Reserve, OG 18",4.6,458.0,THC 22%,CBG 1%,Relaxed,Limonene,,,,,,0.0,0.006,0.0,0.0,0.0,0.0,0.0,0.272,0.0,0.0,0.012,0.055,0.035,0.0,0.126,0.246,,0.074,0.439,0.0,0.0,,,,,,,,,,,,,,
Black Widow,Hybrid,,4.2,362.0,THC 18%,CBG 1%,Hungry,Terpinolene,,,,,,0.0,0.011,0.012,0.004,0.0,0.051,0.0,0.108,0.009,0.004,0.012,0.113,0.069,0.0,0.323,0.232,,0.086,0.494,0.0,0.0,,0.84,0.0,20.97,0.0,0.0,0.07,0.0,0.0,0.0,0.44,0.09,0.0,
Billy Kimber,Hybrid,,4.7,70.0,THC 23%,CBG 1%,Sleepy,Myrcene,,,,,,0.0,0.012,0.0,0.0,0.024,0.0,0.0,0.183,0.0,0.0,0.019,0.144,0.04,0.0,0.457,0.391,,0.083,0.382,0.0,0.0,,1.97,0.0,26.09,0.0,0.0,0.02,0.0,0.0,0.0,0.84,0.13,0.0,
Purple Trainwreck,Hybrid,"aka Granddaddy Trainwreck, Granddaddy Wreck, Purple Wreck",4.2,686.0,THC 17%,CBG 1%,Euphoric,Terpinolene,,,,,,0.026,0.003,0.007,0.006,0.004,0.005,0.004,0.069,0.006,0.618,0.165,0.132,0.055,0.02,0.348,0.342,,0.099,0.174,0.011,0.001,,0.49,0.0,20.38,0.0,0.0,0.05,0.0,0.0,0.0,0.79,0.08,0.0,
Lemon Diesel,Hybrid,,4.2,597.0,THC 17%,CBD 0%,Energetic,Myrcene,,,,,,0.0,0.0,0.076,0.0,0.0,0.306,0.0,0.061,0.0,0.0,0.711,0.441,0.0,0.0,1.507,0.045,,0.022,0.203,0.0,0.0,,4.49,0.03,74.15,0.0,0.0,0.15,0.0,0.0,0.0,2.31,0.25,0.09,
Pineapple Kush,Hybrid,,4.1,672.0,THC 18%,CBG 1%,Giggly,Myrcene,,,,,,0.0,0.002,0.008,0.0,0.0,0.006,0.0,0.014,0.207,0.0,0.018,0.027,0.183,0.0,0.091,0.402,,0.056,0.024,0.0,0.0,,3.35,0.0,7.96,0.02,0.0,0.04,0.0,0.0,0.0,2.74,0.34,0.0,
THC Bomb,Hybrid,,4.1,250.0,THC 20%,CBG 1%,Hungry,Caryophyllene,,,,,,0.0,0.017,0.242,0.0,0.0,0.011,0.0,0.065,0.015,0.02,0.028,1.018,0.177,0.0,2.224,0.379,,0.172,0.411,0.004,0.0,,3.06,0.0,70.1,0.0,0.0,0.2,0.0,0.0,0.0,2.47,0.25,0.0,
Incredible Hulk,Sativa,aka The Hulk,4.5,119.0,THC 16%,CBG 1%,Energetic,Myrcene,,,,,,0.0,0.0,0.0,0.0,0.0,0.0,0.0,0.025,0.122,0.0,0.0,0.052,0.056,0.0,0.131,0.295,,0.036,0.079,0.0,0.0,,0.96,0.0,17.65,0.0,0.0,0.0,0.0,0.0,0.0,1.46,0.08,0.0,
Sunset,Indica,aka Sunset OG,4.2,67.0,THC 18%,CBG 1%,Sleepy,Caryophyllene,,,,,,0.0,0.009,0.014,0.0,0.02,0.0,0.0,0.11,0.005,0.005,0.055,0.093,0.026,0.0,0.288,0.354,,0.048,0.284,0.0,0.0,,0.33,0.01,19.29,0.02,0.0,0.08,0.0,0.0,0.01,0.78,0.22,0.0,
Peach Ringz,Hybrid,,4.4,27.0,THC 21%,CBG 1%,Happy,Limonene,,,,,,0.0,0.011,0.0,0.0,0.0,0.107,0.0,0.179,0.0,0.002,0.0,0.044,0.035,0.0,0.164,0.055,,0.061,0.336,0.0,0.0,,1.18,0.0,24.26,0.0,0.0,0.04,0.0,0.0,0.02,0.63,0.06,0.0,
Deadhead OG,Hybrid,"aka Dead Head, Deadhead, Deadhead OG Kush",4.3,581.0,THC 22%,CBD 0%,Euphoric,Caryophyllene,,,,,,0.0,0.009,0.005,0.0,0.0,0.048,0.006,0.057,0.002,0.008,0.017,0.095,0.347,0.0,0.204,1.667,,0.184,0.199,0.0,0.0,,0.76,0.0,23.43,0.0,0.0,0.07,0.0,0.0,0.0,0.15,0.05,,
Blueberry Cheesecake,Hybrid,aka Blue Cheesecake,4.3,278.0,THC 17%,CBG 1%,Happy,Myrcene,,,,,,0.0,0.0,0.0,0.0,0.0,0.0,0.0,0.116,0.0,0.0,0.0,0.106,0.037,0.0,0.379,0.1,,0.06,0.32,0.0,0.0,,1.29,0.0,18.55,0.0,0.0,0.03,0.0,0.0,0.01,0.31,0.07,0.0,
Han Solo Burger,Hybrid,,4.6,38.0,THC —,CBD —,Relaxed,,,,,,,0.0,0.0,0.026,0.0,0.0,0.0,0.0,0.073,0.0,0.0,0.131,0.253,0.048,0.0,0.611,0.162,,0.094,0.703,0.0,0.0,,0.39,0.0,25.27,0.0,0.0,0.04,0.0,0.0,0.0,0.71,0.09,0.0,
Pineapple Chunk,Hybrid,,4.4,388.0,THC 19%,CBG 1%,Tingly,Terpinolene,,,,,,0.0,0.008,0.002,0.001,0.001,0.064,0.0,0.065,0.0,0.006,0.062,0.149,0.029,0.0,0.496,0.38,,0.053,0.375,0.0,0.0,,0.45,0.0,22.32,0.0,0.0,0.05,0.0,0.0,0.0,0.59,0.02,0.0,
Legend OG,Indica,,4.7,105.0,THC 23%,CBG 1%,Sleepy,Myrcene,,,,,,0.0,0.011,0.01,0.0,0.008,0.0,0.0,0.116,0.0,0.013,0.0,0.124,0.037,0.0,0.4,0.568,,0.078,0.333,0.0,0.0,,0.93,0.0,20.43,0.0,0.0,0.01,0.0,0.0,0.0,0.75,0.12,0.0,
Cookie Dawg,Hybrid,,4.4,45.0,THC 23%,CBG 1%,Sleepy,Myrcene,,,,,,0.0,0.007,0.012,0.0,0.0,0.0,0.0,0.034,0.0,0.002,0.079,0.145,0.024,0.0,0.365,0.608,,0.048,0.202,0.0,0.0,,0.49,0.0,22.35,0.0,0.0,0.06,0.0,0.0,0.04,1.02,0.1,0.0,
Jack Frost,Hybrid,,4.3,545.0,THC 20%,CBG 1%,Euphoric,Terpinolene,,,,,,1.044,0.015,0.149,0.282,0.036,0.009,0.141,0.176,1.155,24.326,0.056,4.674,1.766,1.061,11.855,1.557,,3.014,2.457,0.871,0.135,,,,,,,,,,,,,,
Durban,Hybrid,,4.5,45.0,THC 18%,CBG 1%,Energetic,Linalool,,,,,,0.0,0.0,0.005,0.0,0.0,0.0,0.0,0.0,0.003,0.013,0.0,0.048,0.016,0.0,0.137,0.304,,0.02,0.041,0.0,0.0,,0.85,0.0,15.37,0.0,0.0,0.0,0.0,0.0,0.0,0.55,0.06,0.0,
Sweet Tart,Hybrid,,4.4,17.0,THC 24%,CBG 1%,Relaxed,Myrcene,,,,,,0.0,0.0,0.0,0.0,0.0,0.0,0.0,0.101,0.166,0.0,0.0,0.069,0.26,0.0,0.222,1.673,,0.091,0.147,0.0,0.0,,1.58,0.0,25.4,0.0,0.0,0.03,0.0,0.0,0.0,1.24,0.13,0.0,
Creme Brulee,Indica,,4.1,24.0,THC 21%,CBG 1%,Sleepy,Caryophyllene,,,,,,0.0,0.0,0.009,0.0,0.0,0.06,0.006,0.029,0.334,0.0,0.004,0.072,0.058,0.0,0.173,1.344,,0.028,0.013,0.0,0.0,,0.28,0.0,14.51,0.0,0.0,0.04,0.0,0.0,0.0,1.5,0.06,0.0,
Lavender,Indica,aka Lavender Kush,4.1,785.0,THC 18%,CBG 1%,Sleepy,Myrcene,,,,,,0.0,0.0,0.0,0.0,0.0,0.094,0.0,0.11,0.04,0.0,0.0,0.021,0.3,0.0,0.084,1.274,,0.082,0.042,0.0,0.0,,0.67,0.0,24.03,0.0,0.0,0.05,0.0,0.0,0.0,0.4,0.08,0.0,
Headbanger,Hybrid,aka Headbanger Kush,4.5,117.0,THC 21%,CBG 1%,Energetic,Limonene,,,,,,0.0,0.0,0.0,0.0,0.029,0.0,0.0,0.209,0.0,0.089,0.255,0.15,0.047,0.0,0.517,0.917,,0.105,0.787,0.0,0.0,,1.58,0.0,24.83,0.0,0.0,0.0,0.0,0.0,0.0,0.45,0.08,0.0,
Fruit Loops,Hybrid,aka Fruit Loop Haze,4.4,111.0,THC 20%,CBG 1%,Relaxed,Myrcene,,,,,,0.0,0.0,0.02,0.0,0.0,0.0,0.0,0.14,0.212,0.0,0.04,0.164,0.003,0.0,0.545,1.417,,0.013,0.038,0.0,0.0,,1.95,0.0,17.16,0.09,0.0,0.05,0.0,0.0,0.02,1.03,0.07,0.0,
Pre-98 Bubba Kush,Indica,"aka Pre-98 Bubba, P98",4.4,562.0,THC 15%,CBD 0%,Sleepy,Limonene,,,,,,0.0,0.007,0.008,0.0,0.0,0.0,0.0,0.08,0.0,0.009,0.0,0.056,0.016,0.0,0.133,0.094,,0.028,0.108,0.0,0.0,,2.75,0.0,12.37,0.03,0.03,0.04,0.0,0.0,0.0,0.37,0.05,0.04,
Dream Queen,Hybrid,,4.3,383.0,THC 16%,CBG 1%,Uplifted,Myrcene,,,,,,0.0,0.015,0.045,0.0,0.0,0.0,0.0,0.28,0.107,0.0,0.364,0.336,0.285,0.0,0.78,0.329,,0.162,0.167,0.0,0.0,,3.23,0.0,70.78,0.11,0.0,0.15,0.0,0.0,0.0,4.02,0.66,0.12,
Blackwater,Indica,aka Black Water,4.5,611.0,THC 18%,CBD 0%,Sleepy,Myrcene,,,,,,0.0,0.004,0.0,0.0,0.0,0.042,0.0,0.015,0.03,0.0,0.02,0.057,0.206,0.0,0.123,0.855,,0.093,0.052,0.0,0.0,,1.76,0.0,16.17,0.0,0.0,0.05,0.0,0.0,0.0,0.16,0.02,0.05,
Sour Cookies,Hybrid,,4.4,132.0,THC 21%,CBD 0%,Talkative,Caryophyllene,,,,,,0.0,0.012,0.095,0.0,0.0,0.0,0.0,0.573,0.0,0.0,0.218,0.437,0.068,0.0,1.283,0.224,,0.137,0.796,0.0,0.0,,2.24,0.0,68.92,0.06,0.0,0.2,0.0,0.0,0.0,2.49,0.39,0.0,
Cherry Cookies,Hybrid,,4.5,77.0,THC 17%,CBG 1%,Happy,Caryophyllene,,,,,,0.0,0.005,0.023,0.001,0.001,0.0,0.0,0.063,0.001,0.004,0.073,0.354,0.019,0.0,0.908,0.068,,0.034,0.224,0.0,0.0,,1.13,0.0,18.86,0.0,0.0,0.07,0.0,0.0,0.0,1.59,0.07,0.0,
White Cookies,Hybrid,,4.4,117.0,THC 22%,CBG 1%,Relaxed,Myrcene,,,,,,0.0,0.008,0.006,0.0,0.0,0.0,0.0,0.011,0.0,0.0,0.0,0.114,0.026,0.0,0.335,0.369,,0.048,0.218,0.0,0.0,,1.15,0.0,24.01,0.0,0.0,0.04,0.0,0.0,0.02,0.55,0.14,0.0,
Jack the Ripper,Sativa,aka JTR,4.2,455.0,THC 17%,CBG 1%,Energetic,Terpinolene,,,,,,0.006,0.0,0.236,0.017,0.0,0.384,0.014,0.081,0.0,0.438,0.293,0.449,0.164,0.013,1.317,0.381,,0.149,0.153,0.035,0.0,,5.87,0.0,68.66,0.0,0.0,0.22,0.0,0.0,0.0,3.55,0.46,0.15,
Cherry Bomb,Hybrid,,4.3,184.0,THC 18%,CBD 0%,Energetic,Pinene,,,,,,0.0,0.008,0.023,0.0,0.0,0.0,0.0,0.06,0.123,0.009,0.065,0.17,0.489,0.0,0.563,1.752,,0.124,0.125,0.0,0.0,,1.93,0.0,15.17,0.0,0.0,0.02,0.0,0.0,0.0,0.24,0.04,0.06,
Lemonhead OG,Hybrid,"aka Lemonhead, Lemon Heads #2",4.7,102.0,THC 22%,CBD 0%,Talkative,Myrcene,,,,,,0.0,0.01,0.008,0.0,0.004,0.0,0.0,0.092,0.0,0.008,0.035,0.04,0.036,0.0,0.126,0.594,,0.068,0.317,0.0,0.0,,1.32,0.0,17.45,0.0,0.0,0.05,0.0,0.0,0.0,0.46,0.09,0.0,
Space Candy,Hybrid,,4.6,123.0,THC 17%,CBG 1%,Happy,Terpinolene,,,,,,0.0,0.017,0.008,0.0,0.0,0.07,0.0,0.078,0.09,0.019,0.0,0.134,0.062,0.0,0.483,0.088,,0.083,0.574,0.0,0.0,,0.81,0.0,22.18,0.0,0.0,0.03,0.0,0.0,0.0,0.36,0.1,0.0,
OZ Kush,Hybrid,,4.4,10.0,THC —,CBD —,Euphoric,,,,,,,0.0,0.0,0.0,0.0,0.0,0.0,0.0,0.051,0.0,0.0,0.2,0.098,0.0,0.0,0.188,0.017,,0.004,0.045,0.0,0.0,,89.42,0.0,,0.0,0.27,0.0,0.19,0.0,0.0,0.0,1.16,0.0,
Lemon Drop,Hybrid,,4.0,219.0,THC 16%,CBD 0%,Giggly,Myrcene,,,,,,0.0,0.0,0.097,0.0,0.016,0.227,0.0,0.086,0.0,0.0,0.272,0.11,0.0,0.0,0.273,0.0,,0.0,0.0,0.0,0.0,,4.41,0.0,74.11,0.0,0.0,0.27,0.0,0.0,0.0,4.3,0.52,0.1,
Pineapple OG,Sativa,"aka Pineapple OG Kush, OG Pineapple",4.7,101.0,THC 17%,CBG 1%,Energetic,Pinene,,,,,,0.0,0.032,0.143,0.0,0.0,0.838,0.0,0.426,2.859,0.132,0.164,0.752,1.003,0.0,2.185,8.263,,0.373,1.397,0.0,0.0,,32.43,0.0,20.59,0.23,0.14,0.21,0.0,0.0,0.0,1.27,1.12,0.73,
Green Goblin,Sativa,,4.3,129.0,THC 14%,CBG 1%,Giggly,Myrcene,,,,,,0.0,0.012,0.013,0.0,0.0,0.0,0.0,0.047,0.0,0.01,0.0,0.059,0.309,0.0,0.131,1.277,,0.153,0.149,0.0,0.0,,0.43,0.0,15.47,0.02,0.0,0.05,0.0,0.0,0.0,0.73,0.04,0.0,
Diablo,Indica,,4.0,336.0,THC 20%,CBD 0%,Sleepy,Myrcene,,,,,,0.0,0.007,0.0,0.0,0.0,0.0,0.0,0.096,0.0,0.0,0.032,0.102,0.04,0.0,0.311,0.602,,0.081,0.36,0.0,0.0,,0.62,0.0,22.5,0.0,0.0,0.05,0.0,0.0,0.0,0.64,0.1,0.0,
Sour Grape,Hybrid,,4.2,213.0,THC 18%,CBG 1%,Talkative,Myrcene,,,,,,0.0,0.0,0.153,0.0,0.0,0.0,0.0,0.101,0.044,0.0,0.157,0.381,0.111,0.0,1.073,0.47,,0.079,0.153,0.0,0.0,,3.0,0.0,70.32,0.0,0.07,0.2,0.0,0.0,0.0,2.04,0.25,0.0,
Purple Diesel,Hybrid,,4.2,536.0,THC 15%,CBG 1%,Energetic,Myrcene,,,,,,0.0,0.007,0.005,0.0,0.001,0.039,0.0,0.042,0.044,0.0,0.045,0.021,0.571,0.0,0.056,0.643,,0.13,0.027,0.0,0.0,,1.09,0.0,19.03,0.0,0.0,0.04,0.0,0.0,0.0,0.37,0.05,0.0,
OG Cookies,Hybrid,,4.5,22.0,THC 20%,CBG 1%,Hungry,Caryophyllene,,,,,,0.0,0.003,0.046,0.001,0.006,0.001,0.0,0.147,0.0,0.004,0.11,0.392,0.013,0.0,0.945,0.114,,0.023,0.152,0.0,0.0,,1.34,0.0,17.11,0.0,0.0,0.06,0.0,0.0,0.0,1.01,0.09,0.04,
Chernobyl,Hybrid,,4.3,820.0,THC 19%,CBG 1%,Energetic,Terpinolene,,,,,,0.026,0.004,0.002,0.0,0.0,0.03,0.0,0.01,0.007,0.519,0.017,0.023,0.051,0.015,0.088,0.264,,0.081,0.154,0.01,0.0,,0.38,0.0,10.2,0.04,0.0,0.04,0.0,0.0,0.0,0.08,0.0,0.0,
J1,Hybrid,"aka Jack One, Jack 1, J-1",4.4,635.0,THC 19%,CBG 1%,Energetic,Terpinolene,,,,,,0.035,0.005,0.023,0.005,0.0,0.0,0.011,0.062,0.223,0.769,0.01,0.098,0.066,0.02,0.338,0.365,,0.118,0.231,0.012,0.002,,0.42,0.0,18.1,0.0,0.0,0.07,0.0,0.0,0.0,1.83,0.08,0.0,
Lucid Blue,Sativa,,4.4,24.0,THC 16%,CBD 0%,Uplifted,Pinene,,,,,,0.0,0.009,0.008,0.001,0.0,0.006,0.0,0.056,0.001,0.003,0.1,0.049,0.476,0.0,0.178,0.222,,0.206,0.117,0.0,0.0,,0.35,0.0,16.84,0.0,0.0,0.05,0.0,0.0,0.0,0.49,0.05,0.0,
Kimbo Kush,Hybrid,,4.4,245.0,THC 18%,CBG 2%,Sleepy,Myrcene,,,,,,0.0,0.008,0.005,0.0,0.003,0.0,0.0,0.158,0.002,0.005,0.071,0.072,0.03,0.0,0.275,0.019,,0.051,0.327,0.0,0.0,,0.18,0.0,17.17,0.0,0.0,0.06,0.0,0.0,0.0,0.31,0.03,0.0,
Orange Cream,Hybrid,aka Orange Cream #26,4.4,36.0,THC 18%,CBG 1%,Tingly,Caryophyllene,,,,,,0.033,0.004,0.013,0.0,0.0,0.0,0.0,0.026,0.012,0.926,0.0,0.081,0.053,0.029,0.085,0.337,,0.08,0.124,0.016,0.0,,1.2,0.0,17.8,0.0,0.0,0.07,0.0,0.0,0.0,1.03,0.09,0.0,
Chocolate Kush,Indica,,4.5,85.0,THC 17%,CBD 0%,Relaxed,Myrcene,,,,,,0.0,0.012,0.15,0.0,0.003,0.147,0.0,0.157,0.022,0.044,0.173,0.547,0.08,0.0,1.704,0.085,,0.107,0.339,0.0,0.0,,4.18,0.0,69.74,0.0,0.0,0.28,0.0,0.0,0.0,2.03,0.33,0.0,
Lemon G,Sativa,,4.4,234.0,THC 17%,CBD 0%,Uplifted,Limonene,,,,,,0.0,0.018,0.197,0.049,0.111,0.611,0.0,0.641,0.16,0.156,1.662,0.638,0.12,0.0,2.077,1.161,,0.162,0.34,0.0,0.0,,4.92,0.0,69.23,0.24,0.0,0.18,0.0,0.0,0.0,1.42,0.31,0.04,
White Buffalo,Sativa,aka Tatanka,4.5,266.0,THC 19%,CBD 0%,Energetic,Caryophyllene,,,,,,0.0,0.007,0.02,0.0,0.0,0.0,0.0,0.088,0.0,0.0,0.048,0.107,0.03,0.0,0.409,0.23,,0.06,0.198,0.0,0.0,,0.38,0.0,18.02,0.0,0.0,0.04,0.0,0.0,0.0,1.07,0.04,0.01,
Yoda OG,Indica,aka Yoda,4.4,361.0,THC 21%,CBD 0%,Sleepy,Caryophyllene,,,,,,0.0,0.016,0.004,0.0,0.006,0.0,0.0,0.128,0.0,0.005,0.031,0.095,0.052,0.0,0.316,1.558,,0.107,0.483,0.0,0.0,,0.57,0.0,21.56,0.0,0.0,0.05,0.0,0.0,0.0,0.14,0.13,0.0,
Banana Split,Hybrid,,4.3,107.0,THC 14%,CBD 0%,Happy,Myrcene,,,,,,0.028,0.0,0.0,0.0,0.0,0.031,0.0,0.083,0.0,0.768,0.0,0.018,0.049,0.018,0.062,0.461,,0.088,0.27,0.0,0.0,,1.28,0.0,15.77,0.0,0.0,0.04,0.0,0.0,0.0,0.32,0.04,0.0,
Blueberry Pie,Hybrid,,4.4,113.0,THC 23%,CBG 1%,Relaxed,Caryophyllene,,,,,,0.0,0.014,0.003,0.0,0.002,0.0,0.0,0.25,0.002,0.015,0.0,0.104,0.057,0.0,0.366,0.08,,0.1,0.654,0.0,0.0,,1.28,0.0,24.1,0.0,0.0,0.02,0.0,0.0,0.0,0.64,0.09,0.0,
Lime OG,Hybrid,,4.6,33.0,THC 22%,CBG 2%,Tingly,Myrcene,,,,,,0.0,0.0,0.012,0.0,0.0,0.0,0.0,0.928,0.0,0.027,0.819,0.712,0.112,0.0,2.01,1.229,,0.114,1.348,0.071,0.0,,79.82,0.0,0.0,0.95,0.71,0.0,0.21,0.0,0.0,0.0,2.27,2.57,
3 Kings,Hybrid,aka Three Kings,4.4,352.0,THC 19%,CBD 0%,Uplifted,Caryophyllene,,,,,,0.0,0.0,0.0,0.0,0.0,0.0,0.0,0.053,0.0,0.0,0.125,0.253,0.023,0.0,0.637,0.19,,0.047,0.339,0.0,0.0,,1.16,0.0,20.52,0.0,0.0,0.03,0.0,0.0,0.0,0.42,0.07,0.0,
XXX OG,Indica,,4.5,311.0,THC 21%,CBD 0%,Sleepy,Myrcene,,,,,,0.0,0.005,0.005,0.0,0.0,0.003,0.006,0.054,0.057,0.007,0.029,0.055,0.316,0.0,0.19,0.272,,0.096,0.06,0.0,0.0,,0.86,0.0,15.65,0.0,0.0,0.04,0.0,0.0,0.0,0.56,0.04,0.0,
Doc’s OG,Hybrid,aka Doc OG,4.6,32.0,THC 16%,CBD 0%,Euphoric,Myrcene,,,,,,0.0,0.012,0.009,0.0,0.0,0.0,0.0,0.266,0.0,0.009,0.095,0.148,0.043,0.0,0.506,0.707,,0.088,0.534,0.0,0.0,,0.93,0.0,19.54,0.0,0.0,0.04,0.0,0.0,0.0,0.24,0.19,0.0,
Banana Sherbet,Hybrid,aka Banana Sherbert,4.5,15.0,THC 22%,CBG 1%,Giggly,Limonene,,,,,,0.0,0.004,0.0,0.0,0.0,0.0,0.0,0.175,0.0,0.0,0.0,0.094,0.03,0.0,0.13,0.149,,0.054,0.344,0.0,0.0,,0.21,0.0,17.5,0.0,0.0,0.07,0.0,0.0,0.0,0.32,0.09,0.0,
Now and Later,Hybrid,aka Now N Later,4.0,21.0,THC 23%,CBG 1%,Tingly,Myrcene,,,,,,0.0,0.005,0.008,0.0,0.0,0.003,0.0,0.074,0.069,0.004,0.066,0.031,0.149,0.0,0.098,0.694,,0.051,0.116,0.0,0.0,,5.47,0.0,20.82,0.0,0.02,0.06,0.0,0.0,0.0,0.9,0.21,0.22,
Black Dog,Indica,aka Black D.O.G.,4.6,83.0,THC 19%,CBG 1%,Sleepy,Limonene,,,,,,0.0,0.003,0.0,0.0,0.0,0.0,0.0,0.142,0.0,0.0,0.021,0.039,0.037,0.0,0.16,0.064,,0.065,0.378,0.0,0.0,,0.21,0.01,16.87,0.0,0.0,0.07,0.0,0.0,0.0,1.02,0.07,0.0,
Citrus Sap,Hybrid,,4.5,182.0,THC 19%,CBD 0%,Uplifted,Myrcene,,,,,,0.0,0.0,0.0,0.0,0.0,0.206,0.0,0.28,0.0,0.0,0.212,0.276,0.138,0.0,0.956,0.286,,0.133,1.094,0.0,0.0,,3.31,0.0,78.09,0.09,0.0,0.11,0.0,0.0,0.0,1.19,0.21,0.0,
Nuken,Indica,,4.4,233.0,THC 26%,CBG 1%,Relaxed,Myrcene,,,,,,0.0,0.0,0.0,0.0,0.0,0.0541,0.0,0.02,0.0,0.0,0.0383,0.0563,0.306,0.0,0.192,0.93,,0.15,0.109,0.0,0.0,,3.12,0.0,20.7,0.0,0.0,0.0,0.0,0.0,0.0,0.94,0.15,0.0,
Dark Star,Indica,aka Darkstar,4.4,271.0,THC 20%,CBG 1%,Sleepy,Caryophyllene,,,,,,0.016,0.005,0.003,0.003,0.001,0.034,0.0,0.021,0.09,0.303,0.0,0.013,0.258,0.009,0.043,0.707,,0.144,0.097,0.007,0.0,,2.6,0.0,22.16,0.0,0.0,0.07,0.0,0.0,0.0,1.72,0.15,0.03,
Paris OG,Indica,"aka Paris OG Kush, OG Paris",4.6,332.0,THC 21%,CBD 0%,Sleepy,Limonene,,,,,,0.0,0.0,0.0,0.0,0.004,0.0,0.0,0.0,0.0,0.013,0.0,0.074,0.048,0.0,0.255,0.637,,0.092,0.453,0.0,0.0,,0.81,0.0,24.11,0.0,0.0,0.02,0.0,0.0,0.0,1.02,0.12,0.0,
Platinum Punch,Hybrid,,4.6,25.0,THC —,CBD —,Giggly,,,,,,,0.0,0.0,0.0,0.0,0.0,0.099,0.0,0.05,0.101,0.0,0.047,0.045,0.075,0.0,0.155,0.067,,0.098,0.462,0.0,0.0,,0.33,0.0,16.74,0.0,0.0,0.02,0.0,0.0,0.0,0.41,0.06,0.0,
White Berry,Indica,aka White Raspberry,4.0,186.0,THC 20%,CBD 0%,Creative,Caryophyllene,,,,,,0.0,0.0,0.017,0.0,0.0,0.0,0.0,0.095,0.0,0.0,0.0,0.204,0.037,0.0,0.58,0.488,,0.054,0.438,0.0,0.0,,73.62,0.56,0.2,0.51,3.28,0.07,0.47,0.0,0.0,0.0,2.32,0.08,
Phantom Cookies,Hybrid,aka Phantom Cookie,4.5,239.0,THC 20%,CBD 0%,Uplifted,Caryophyllene,,,,,,0.0,0.015,0.008,0.0,0.011,0.0,0.0,0.131,0.0,0.007,0.094,0.204,0.058,0.0,0.673,0.418,,0.104,0.637,0.0,0.0,,0.44,0.0,22.1,0.0,0.0,0.09,0.0,0.0,0.0,0.47,0.06,0.0,
Strawberry Fields,Indica,,4.6,173.0,THC 19%,CBG 1%,Relaxed,Terpinolene,,,,,,0.0,0.0,0.022,0.0,0.0,0.05,0.0,0.041,0.061,0.025,0.0,0.085,0.008,0.0,0.102,0.626,,0.016,0.024,0.0,0.0,,0.46,0.01,21.72,0.0,0.0,0.13,0.0,0.01,0.0,0.99,0.16,0.0,
Biker Kush,Indica,,4.4,23.0,THC 14%,CBG 1%,Happy,Limonene,,,,,,0.0,0.0,0.0,0.0,0.022,0.0,0.0,0.14,0.0,0.0,0.095,0.068,0.029,0.0,0.226,1.31,,0.071,0.52,0.0,0.0,,1.69,0.0,18.83,0.0,0.0,0.13,0.11,0.0,0.0,0.45,0.07,0.0,
Chocolate Thai,Sativa,,4.2,130.0,THC 16%,CBD 0%,Creative,Myrcene,,,,,,0.0,0.0,0.009,0.0,0.0,0.0,0.0,0.009,0.0,0.0,0.024,0.1,0.103,0.0,0.287,0.75,,0.054,0.018,0.0,0.0,,1.89,0.0,20.78,0.0,0.0,0.05,0.0,0.0,0.0,0.17,0.06,0.05,
Double Dream,Hybrid,,4.4,368.0,THC 21%,CBD 0%,Focused,Myrcene,,,,,,0.0,0.009,0.01,0.002,0.0,0.0,0.0,0.064,0.0,0.003,0.041,0.068,0.545,0.0,0.198,0.736,,0.236,0.078,0.0,0.0,,0.72,0.0,23.89,0.0,0.0,0.09,0.0,0.0,0.0,0.18,0.06,0.0,
Golden Ticket,Hybrid,aka Mr. Dank,4.5,165.0,THC 18%,CBG 1%,Uplifted,Terpinolene,,,,,,0.0416,0.0,0.0,0.0,0.0351,0.0543,0.0,0.021,0.0268,0.644,0.0254,0.0248,0.111,0.0295,0.0803,0.292,,0.163,0.218,0.0213,0.0,,3.02,0.0,17.7,0.07,0.0,0.0,0.0,0.0,0.0,0.34,0.09,0.0,
Kosher Dawg,Hybrid,,4.5,35.0,THC 18%,CBD 0%,Focused,Myrcene,,,,,,0.0,0.0,0.0,0.0,0.005,0.0,0.0,0.0,0.0,0.007,0.0,0.082,0.038,0.0,0.274,0.235,,0.069,0.234,0.0,0.0,,1.15,0.0,24.42,0.0,0.0,,0.0,0.0,0.0,0.73,0.14,0.0,
Mr. Nice Guy,Indica,"aka Mr. Nice, Mister Nice Guy, Mister Nice",4.1,805.0,THC 17%,CBD 0%,Sleepy,Myrcene,,,,,,0.0,0.029,0.113,0.0,0.0,0.008,0.0,0.119,0.0,0.009,0.397,0.821,0.093,0.0,2.109,0.065,,0.162,0.489,0.0,0.0,,1.93,0.0,59.77,0.0,0.0,0.31,0.0,0.0,0.0,1.86,0.13,0.0,
Pie Face,Hybrid,"aka Pie Face OG, Pie Face OG Kush",4.5,93.0,THC 18%,CBG 1%,Giggly,Caryophyllene,,,,,,0.0,0.006,0.006,0.0,0.001,0.0,0.0,0.149,0.0,0.005,0.029,0.098,0.023,0.0,0.333,0.074,,0.042,0.21,0.0,0.0,,1.41,0.0,17.76,0.0,0.05,0.04,0.0,0.0,0.0,0.44,0.19,0.0,
Mob Boss,Hybrid,aka Mob Boss Tang Tang,4.5,305.0,THC 20%,CBG 1%,Energetic,Myrcene,,,,,,0.0,0.024,0.0,0.0,0.0,0.0,0.0,0.084,0.119,0.0,0.0,0.13,0.337,0.0,0.377,0.581,,0.194,0.569,0.0,0.0,,79.98,0.6,0.2,0.56,3.62,0.07,0.31,0.0,0.0,0.0,2.54,0.11,
Royal Kush,Hybrid,,4.2,207.0,THC 17%,CBG 1%,Sleepy,Myrcene,,,,,,0.0,0.002,0.003,0.0,0.0,0.003,0.0,0.038,0.073,0.002,0.021,0.055,0.188,0.0,0.202,0.931,,0.056,0.056,0.0,0.0,,1.22,0.0,18.38,0.0,0.0,0.04,0.0,0.0,0.0,0.51,0.08,0.0,
Candy Jack,Sativa,,4.4,280.0,THC 19%,CBG 1%,Energetic,Terpinolene,,,,,,0.022,0.0,0.0,0.0,0.0,0.0,0.0,0.007,0.073,0.571,0.0,0.088,0.057,0.011,0.217,0.082,,0.079,0.097,0.0,0.0,,0.86,0.0,22.36,0.0,0.0,0.07,0.0,0.0,0.0,1.12,0.16,0.0,
Tropical Cookies,Hybrid,,4.5,17.0,THC 21%,CBG 1%,Focused,Caryophyllene,,,,,,0.0,0.0,0.0,0.0,0.0,0.0,0.0,0.024,0.0,0.0,0.016,0.113,0.017,0.0,0.431,0.149,,0.032,0.159,0.0,0.0,,0.75,0.0,21.52,0.0,0.0,0.08,0.0,0.0,0.0,0.61,0.07,0.0,
Afternoon Delight,Hybrid,aka Afternoon Delite,4.6,57.0,THC 16%,CBG 1%,Tingly,Terpinolene,,,,,,0.042,0.006,0.0,0.0,0.0,0.056,0.0,0.072,0.0,0.409,0.0,0.035,0.056,0.039,0.055,0.158,,0.072,0.13,0.0,0.0,,1.24,0.0,17.11,0.0,0.0,0.11,0.0,0.0,0.0,0.15,0.05,0.0,
Super Jack,Sativa,"aka Super Jack Herer, Super Silver Jack",4.5,210.0,THC 20%,CBG 1%,Energetic,Terpinolene,,,,,,0.032,0.0,0.0,0.005,0.0,0.0,0.003,0.01,0.113,0.797,0.003,0.125,0.072,0.021,0.348,0.104,,0.113,0.101,0.013,0.0,,0.37,0.0,21.64,0.0,0.0,0.07,0.0,0.0,0.02,1.57,0.14,0.0,
Scott's OG,Hybrid,aka Scott OG,4.6,151.0,THC 22%,CBG 1%,Relaxed,Limonene,,,,,,0.0,0.018,0.013,0.0,0.04,0.0,0.0,0.168,0.0,0.041,0.008,0.087,0.052,0.0,0.209,0.318,,0.086,0.277,0.0,0.0,,1.19,0.0,16.05,0.02,0.0,0.06,0.0,0.0,0.0,0.31,0.13,0.0,
Lemon Thai,Sativa,,4.1,146.0,THC 22%,CBG 1%,Energetic,Terpinolene,,,,,,0.0,0.016,0.175,0.039,0.0,0.165,0.0,0.075,0.0,0.024,0.25,0.359,0.083,0.0,1.144,0.21,,0.078,0.19,0.0,0.0,,2.08,0.0,63.02,0.1,0.0,0.17,0.0,0.0,0.0,2.6,0.16,0.11,
Butter OG,Indica,,4.3,32.0,THC 19%,CBD 0%,Sleepy,Myrcene,,,,,,0.0,0.017,0.008,0.0,0.014,0.003,0.0,0.153,0.001,0.015,0.044,0.112,0.066,0.0,0.358,0.717,,0.124,0.534,0.0,0.0,,0.52,0.0,23.47,0.0,0.0,0.05,0.0,0.0,0.0,0.6,0.12,0.0,
Cold Creek Kush,Hybrid,,4.2,90.0,THC 21%,CBG 1%,Happy,Myrcene,,,,,,0.0,0.01,0.008,0.0,0.004,0.0,0.0,0.089,0.0,0.003,0.046,0.096,0.036,0.0,0.312,0.478,,0.071,0.333,0.0,0.0,,2.03,0.0,18.74,0.0,0.0,0.04,0.0,0.0,0.0,0.5,0.13,0.03,
Squirt,Hybrid,,4.5,15.0,THC 17%,CBG 1%,Energetic,Caryophyllene,,,,,,0.0,0.0,0.021,0.0,0.0,0.0,0.0,0.068,0.061,0.0,0.103,0.104,0.36,0.0,0.282,0.459,,0.169,0.183,0.0,0.0,,1.18,0.0,17.08,0.0,0.0,0.08,0.0,0.0,0.02,0.48,0.06,0.0,
Mr. Clean,Sativa,"aka Mister Clean, Sr. Clean",4.5,28.0,THC 20%,CBG 2%,Energetic,Caryophyllene,,,,,,0.0,0.011,0.011,0.0,0.0,0.001,0.001,0.065,0.001,0.006,0.019,0.059,0.043,0.0,0.168,0.166,,0.08,0.485,0.0,0.0,,0.16,0.0,17.53,0.0,0.0,0.04,0.0,0.0,0.0,0.49,0.11,0.0,
Herijuana,Indica,aka Herojuana,4.3,472.0,THC 22%,CBD 0%,Sleepy,Myrcene,,,,,,0.0,0.015,0.005,0.0,0.005,0.003,0.0,0.163,0.0,0.012,0.0,0.165,0.06,0.0,0.546,0.778,,0.11,0.605,0.0,0.0,,1.89,0.0,24.03,0.0,0.0,0.02,0.0,0.0,0.0,0.71,0.1,0.0,
Black Lime,Indica,"aka Black Lime Special Reserve, Black Lime Special, Black Lime Reserve",4.5,150.0,THC 16%,CBD 0%,Relaxed,Myrcene,,,,,,0.0,0.01,0.024,0.0,0.0,0.0,0.0,0.077,0.0,0.005,0.106,0.324,0.046,0.0,0.785,0.551,,0.072,0.499,0.0,0.0,,0.73,0.0,22.2,0.03,0.0,0.11,0.0,0.0,0.0,0.56,0.07,0.0,
Purple Dream,Hybrid,,4.4,286.0,THC 17%,CBG 1%,Aroused,Myrcene,,,,,,0.029,0.01,0.0,0.005,0.0,0.026,0.0,0.024,0.016,0.518,0.0,0.039,0.23,0.02,0.1,0.472,,0.154,0.118,0.013,0.0,,0.62,0.0,20.29,0.0,0.0,0.0,0.0,0.0,0.0,0.58,0.02,0.0,
Milk and Cookies,Hybrid,,4.8,13.0,THC 15%,CBD 0%,Giggly,Caryophyllene,,,,,,0.0,0.004,0.0,0.0,0.0,0.0,0.0,0.117,0.0,0.002,0.017,0.122,0.016,0.0,0.466,0.138,,0.029,0.123,0.0,0.0,,0.54,0.0,16.95,0.0,0.0,0.04,0.0,0.0,0.0,0.14,0.04,0.0,
Where's My Bike,Hybrid,,4.6,48.0,THC 19%,CBG 1%,Talkative,Caryophyllene,,,,,,0.037,0.0,0.0,0.0,0.028,0.02,0.0,0.0,0.267,1.13,0.021,0.052,0.061,0.034,0.193,0.232,,0.106,0.243,0.018,0.0,,1.05,0.0,27.25,0.0,0.0,0.06,0.0,0.0,0.0,2.09,0.06,0.0,
Jungle Juice,Hybrid,,4.4,27.0,THC 11%,CBD 0%,Sleepy,Limonene,,,,,,0.0,0.0,0.114,0.007,0.0,0.099,0.008,0.105,0.0,0.0,0.355,0.383,0.008,0.0,1.084,0.012,,0.0,0.0,0.0,0.0,,2.31,0.09,72.93,0.07,0.0,0.23,0.0,0.0,0.0,2.09,0.2,0.1,
Skunkberry,Hybrid,,4.5,93.0,THC 11%,CBD 0%,Euphoric,Pinene,,,,,,0.0,0.0,0.0,0.0,0.0,0.0,0.0,0.034,0.074,0.0,0.032,0.085,0.262,0.0,0.296,0.394,,0.153,0.377,0.0,0.0,,0.65,0.0,18.53,0.0,0.0,0.02,0.0,0.0,0.0,0.55,0.06,0.02,
Dirty Girl,Sativa,,4.5,183.0,THC 23%,CBG 2%,Aroused,Limonene,,,,,,0.0,0.005,0.007,0.0,0.0,0.067,0.0,0.028,0.0,0.0,0.003,0.037,0.133,0.0,0.14,0.773,,0.083,0.097,0.0,0.0,,0.75,0.0,16.25,0.05,0.0,0.05,0.0,0.0,0.02,0.6,0.08,0.0,
Pure Kush,Indica,,4.2,332.0,THC 16%,CBD 0%,Sleepy,Myrcene,,,,,,0.0,0.008,0.008,0.0,0.008,0.0,0.0,0.167,0.0,0.002,0.101,0.101,0.027,0.0,0.309,0.079,,0.053,0.266,0.0,0.0,,0.44,0.0,24.73,0.0,0.0,0.05,0.0,0.0,0.0,0.58,0.09,0.0,
Golden Lemon,Hybrid,,4.5,129.0,THC 22%,CBG 1%,Relaxed,Terpinolene,,,,,,0.03,0.002,0.013,0.003,0.0,0.0,0.0,0.024,0.402,0.826,0.062,0.12,0.056,0.025,0.386,0.282,,0.088,0.211,0.014,0.002,,2.48,0.0,20.94,0.0,0.0,0.07,0.0,0.0,0.0,2.52,0.21,0.05,
Euphoria,Sativa,aka Euforia,4.3,120.0,THC 11%,CBG 1%,Euphoric,Myrcene,,,,,,0.0,0.0,0.0,0.001,0.0,0.0,0.0,0.038,0.114,0.0,0.01,0.149,0.027,0.0,0.434,0.684,,0.017,0.034,0.0,0.0,,0.34,0.0,16.52,0.0,0.0,0.04,0.0,0.0,0.0,1.06,0.09,0.0,
3X Crazy,Indica,"aka Optimus Prime, 3 Times Crazy, Three Times Crazy, Insane OG",4.4,156.0,THC 22%,CBD 0%,Sleepy,Myrcene,,,,,,0.0,0.003,0.004,0.0,0.002,0.0,0.0,0.096,0.0,0.0,0.007,0.069,0.012,0.0,0.201,0.57,,0.027,0.123,0.0,0.0,,0.77,0.0,13.62,0.0,0.0,0.05,0.0,0.0,0.0,0.17,0.05,0.0,
Green Dream,Hybrid,,4.4,199.0,THC 15%,CBD 0%,Energetic,Pinene,,,,,,0.0,0.0,0.0,0.0,0.0,0.019,0.0,0.03,0.0,0.0,0.0,0.0,0.224,0.0,0.059,0.119,,0.098,0.043,0.0,0.0,,0.52,0.0,16.89,0.0,0.0,0.02,0.0,0.0,0.0,0.42,0.12,0.0,
Purple Passion,Indica,,4.4,81.0,THC 19%,CBD 0%,Sleepy,Myrcene,,,,,,0.0,0.011,0.003,0.0,0.0,0.0,0.0,0.071,0.067,0.009,0.0,0.052,0.126,0.0,0.184,0.039,,0.096,0.376,0.0,0.0,,0.79,0.0,13.35,0.0,0.0,0.0,0.0,0.0,0.0,0.23,0.04,0.0,
Tangie Cookies,Sativa,,4.7,62.0,THC 21%,CBG 1%,Energetic,Caryophyllene,,,,,,0.0,0.008,0.015,0.0,0.002,0.11,0.0,0.163,0.0,0.005,0.173,0.266,0.028,0.0,0.717,0.384,,0.058,0.273,0.0,0.0,,0.45,0.0,27.95,0.0,0.0,0.07,0.0,0.0,0.0,0.42,0.15,0.0,
Chiquita Banana,Hybrid,,4.8,53.0,THC 26%,CBD 0%,Happy,Limonene,,,,,,0.0,0.018,0.0,0.0,0.0,0.0,0.0,0.06,0.218,0.021,0.0,0.248,0.197,0.0,0.907,1.061,,0.305,1.938,0.0,0.0,,2.58,0.0,79.92,0.02,0.0,0.15,0.0,0.0,0.0,1.08,0.56,0.06,
Willie Nelson,Sativa,,4.3,137.0,THC 16%,CBG 1%,Creative,Terpinolene,,,,,,0.025,0.0,0.0,0.0,0.0,0.0,0.0,0.023,0.131,0.534,0.0,0.028,0.036,0.0,0.094,0.441,,0.066,0.167,0.0,0.0,,0.95,0.0,16.64,0.0,0.0,0.02,0.0,0.0,0.0,1.0,0.04,0.0,
Blue Frost,Hybrid,,4.5,145.0,THC 19%,CBG 1%,Uplifted,Myrcene,,,,,,0.0,0.009,0.007,0.0,0.0,0.0,0.0,0.063,0.0,0.0,0.038,0.109,0.33,0.0,0.31,0.857,,0.167,0.177,0.0,0.0,,0.65,0.0,23.4,0.0,0.0,0.06,0.0,0.0,0.0,1.09,0.11,0.0,
Mars OG,Indica,,4.3,216.0,THC 17%,CBD 0%,Sleepy,Limonene,,,,,,0.0,0.002,0.0,0.0,0.02,0.0,0.0,0.128,0.0,0.0,0.028,0.127,0.024,0.0,0.418,0.236,,0.052,0.28,0.0,0.0,,1.06,0.0,17.64,0.01,0.0,0.05,0.0,0.0,0.0,0.46,0.07,0.0,
Jack Haze,Hybrid,,4.1,66.0,THC 14%,CBD 0%,Talkative,Terpinolene,,,,,,0.025,0.0,0.0,0.0,0.0,0.0,0.0,0.005,0.066,0.685,0.0,0.076,0.035,0.022,0.227,0.069,,0.057,0.068,0.01,0.0,,1.38,0.0,14.87,0.0,0.0,0.05,0.0,0.0,0.0,0.28,0.09,0.01,
Nitro Cookies,Hybrid,,4.4,5.0,THC 17%,CBG 1%,Focused,Caryophyllene,,,,,,0.0,0.01,0.019,0.0,0.0,0.0,0.004,0.1,0.0,0.011,0.096,0.298,0.037,0.0,0.746,0.318,,0.063,0.416,0.0,0.0,,0.42,0.0,20.36,0.0,0.0,0.04,0.0,0.0,0.0,1.5,0.02,0.0,
Blueberry Dream,Sativa,,4.5,54.0,THC 16%,CBG 1%,Aroused,Myrcene,,,,,,0.0,0.007,0.024,0.003,0.0,0.0,0.0,0.047,0.0,0.0,0.075,0.113,0.386,0.0,0.307,0.926,,0.158,0.087,0.0,0.0,,7.74,0.0,10.22,0.0,0.11,0.08,0.0,0.0,0.0,0.16,0.07,0.09,
Chocolate Hashberry,Hybrid,,4.5,128.0,THC 18%,CBG 1%,Relaxed,Myrcene,,,,,,0.0,0.004,0.01,0.0,0.001,0.0,0.0,0.029,0.001,0.003,0.025,0.114,0.013,0.0,0.303,0.792,,0.03,0.173,0.0,0.0,,0.63,0.0,17.65,0.0,0.0,0.08,0.0,0.0,0.0,1.13,0.04,0.0,
Kryptonite,Indica,,4.1,328.0,THC 16%,CBD 0%,Sleepy,Myrcene,,,,,,0.0,0.0,0.0,0.0,0.0,0.0,0.0,0.06,0.0,0.0,0.0,0.216,0.031,0.0,0.793,0.348,,0.053,0.26,0.0,0.0,,1.64,0.0,24.7,0.0,0.0,0.03,0.0,0.0,0.0,0.2,0.09,0.0,
Sour Haze,Sativa,aka Sour Diesel Haze,4.4,76.0,THC 24%,CBG 2%,Energetic,Terpinolene,,,,,,0.0,0.005,0.008,0.001,0.004,0.0,0.0,0.019,0.07,0.003,0.008,0.176,0.467,0.0,0.604,0.595,,0.127,0.078,0.0,0.0,,0.39,0.0,16.09,0.0,0.0,0.06,0.0,0.0,0.0,0.14,0.03,0.0,
Tokyo OG,Hybrid,aka Tokyo OG Kush,4.5,43.0,THC 20%,CBD 0%,Euphoric,Myrcene,,,,,,0.0,0.0,0.021,0.0,0.0,0.0,0.0,0.173,0.0,0.0,0.0,0.213,0.041,0.0,0.662,0.894,,0.069,0.406,0.0,0.0,,13.2,0.0,9.5,0.07,0.0,0.04,0.0,0.0,0.0,0.53,0.28,0.13,
Burmese Kush,Hybrid,aka Burma,4.1,169.0,THC 25%,CBG 1%,Hungry,Caryophyllene,,,,,,0.0,0.0,0.0,0.0,0.0,0.0,0.0,0.111,0.0,0.0,0.038,0.155,0.03,0.0,0.554,0.317,,0.058,0.383,0.0,0.0,,2.02,0.0,26.35,0.0,0.0,0.03,0.0,0.0,0.0,0.82,0.09,0.0,
Silver Bubble,Hybrid,,4.3,71.0,THC 17%,CBG 2%,Talkative,Myrcene,,,,,,0.0,0.021,0.009,0.0,0.0,0.0,0.0,0.044,0.0,0.016,0.0,0.076,0.065,0.0,0.184,0.166,,0.11,0.788,0.008,0.0,,0.32,0.0,24.8,0.03,0.0,0.09,0.0,0.0,0.0,1.12,0.15,0.02,
Sunny D,Hybrid,aka Sunny Delight,4.5,30.0,THC 19%,CBG 1%,Happy,Myrcene,,,,,,0.0,0.001,0.0,0.0,0.0,0.0,0.0,0.097,0.0,0.0,0.028,0.09,0.216,0.0,0.349,1.217,,0.111,0.176,0.0,0.0,,0.27,0.0,23.58,0.0,0.0,0.06,0.0,0.0,0.0,0.69,0.17,0.0,
Milk Bone,Hybrid,aka Milk Bone F2,4.2,21.0,THC 23%,CBG 1%,Hungry,Myrcene,,,,,,0.0,0.041,0.077,0.0,0.0,0.0,0.0,0.418,0.0,0.014,0.238,0.519,0.17,0.0,1.67,0.158,,0.242,1.557,0.0,0.0,,10.6,0.0,59.48,0.05,0.0,0.12,0.0,0.0,0.0,5.03,0.83,0.31,
Mango Tango,Hybrid,,4.6,96.0,THC 22%,CBD 0%,Giggly,Myrcene,,,,,,0.0,0.002,0.003,0.0,0.0,0.0,0.0,0.087,0.033,0.007,0.015,0.06,0.018,0.0,0.201,1.272,,0.044,0.179,0.0,0.0,,0.51,0.0,25.06,0.0,0.0,0.09,0.0,0.0,0.0,0.18,0.14,0.0,
Double OG,Indica,aka Double OG Kush,4.5,44.0,THC —,CBD —,Sleepy,,,,,,,0.0,0.012,0.034,0.0,0.005,0.003,0.0,0.073,0.001,0.008,0.258,0.306,0.039,0.0,0.702,0.413,,0.083,0.519,0.0,0.0,,0.68,0.0,19.44,0.0,0.0,0.05,0.0,0.0,0.0,0.36,0.1,0.0,
Purple Cream,Indica,,4.3,85.0,THC 18%,CBD 0%,Sleepy,Myrcene,,,,,,0.0,0.0,0.009,0.0,0.0,0.0,0.0,0.076,0.128,0.0,0.019,0.095,0.31,0.0,0.354,1.381,,0.083,0.049,0.0,0.0,,0.29,0.0,20.61,0.0,0.0,0.05,0.0,0.0,0.0,0.18,0.14,0.0,
Medusa,Hybrid,,4.0,73.0,THC 14%,CBD 0%,Sleepy,Myrcene,,,,,,0.0,0.005,0.005,0.0,0.0,0.0,0.0,0.062,0.286,0.0,0.014,0.078,0.276,0.0,0.171,2.249,,0.084,0.116,0.0,0.0,,1.78,0.0,12.86,0.0,0.0,0.05,0.0,0.0,0.0,0.28,0.05,0.05,
Holy Grail,Hybrid,,4.4,27.0,THC 20%,CBG 1%,Tingly,Myrcene,,,,,,0.0,0.021,0.126,0.0,0.0,0.0,0.0,0.153,0.0,0.016,0.181,0.448,0.215,0.0,1.433,0.369,,0.208,0.502,0.0,0.0,,1.87,0.0,75.29,0.0,0.0,0.18,0.0,0.0,0.0,2.61,0.17,0.0,
Tropicali,Hybrid,"aka Tropicali OG, Tropicali Kush",4.3,41.0,THC 18%,CBD 0%,Aroused,Myrcene,,,,,,0.0,0.012,0.123,0.0,0.007,0.0,0.0,0.577,0.179,0.043,0.69,0.603,0.298,0.0,1.526,0.585,,0.259,0.353,0.0,0.0,,6.62,0.0,73.59,0.0,0.0,0.17,0.0,0.0,0.0,4.08,0.78,0.15,
Captain America OG,Hybrid,,4.6,33.0,THC —,CBD —,Euphoric,,,,,,,0.0,0.014,0.01,0.0,0.011,0.0,0.0,0.216,0.0,0.019,0.027,0.099,0.051,0.0,0.322,0.559,,0.105,0.575,0.0,0.0,,1.12,0.0,21.82,0.0,0.0,0.03,0.0,0.0,0.0,0.63,0.11,0.02,
Viper Cookies,Hybrid,,4.5,15.0,THC 18%,CBG 1%,Tingly,Caryophyllene,,,,,,0.0,0.008,0.006,0.0,0.001,0.0,0.0,0.078,0.0,0.002,0.018,0.082,0.028,0.0,0.219,0.303,,0.052,0.243,0.0,0.0,,0.4,0.0,23.72,0.0,0.0,0.06,0.0,0.0,0.0,1.65,0.17,0.0,
Black Magic Kush,Indica,,4.5,19.0,THC —,CBD —,Sleepy,,,,,,,0.0,0.0,0.0,0.0,0.0,0.027,0.0,0.075,0.0,0.0,0.013,0.017,0.033,0.0,0.072,0.444,,0.058,0.234,0.0,0.0,,0.27,0.0,19.52,0.0,0.0,0.09,0.0,0.0,0.0,0.38,0.05,0.0,
Wonder Woman,Hybrid,,4.5,170.0,THC 18%,CBG 1%,Energetic,Pinene,,,,,,0.0,0.008,0.005,0.0,0.0,0.0,0.0,0.041,0.0,0.006,0.033,0.122,0.026,0.0,0.334,0.19,,0.048,0.223,0.0,0.0,,0.26,0.0,24.29,0.0,0.0,0.05,0.0,0.0,0.0,0.76,0.3,0.0,
Gorilla Cheese,Hybrid,aka Gorilla'd Cheese,4.4,14.0,THC —,CBD —,Creative,,,,,,,0.0,0.032,0.284,0.006,0.0,0.172,0.0,0.187,0.013,0.02,0.268,0.66,0.189,0.0,1.753,0.202,,0.216,0.616,0.0,0.0,,7.86,0.0,56.08,0.0,0.1,0.2,0.0,0.0,0.0,1.18,0.24,0.18,
Dragon OG,Hybrid,,4.4,40.0,THC 19%,CBG 1%,Aroused,Limonene,,,,,,0.0,0.013,0.008,0.0,0.003,0.0,0.0,0.074,0.0,0.005,0.086,0.098,0.041,0.0,0.339,0.192,,0.084,0.445,0.0,0.0,,0.68,0.0,25.53,0.0,0.0,0.08,0.0,0.0,0.0,0.91,0.11,0.0,
Sour Candy,Hybrid,,4.5,48.0,THC 16%,CBG 1%,Creative,Myrcene,,,,,,0.0,0.02,0.215,0.006,0.003,0.067,0.0,0.19,0.033,0.101,0.268,0.757,0.186,0.0,2.437,0.232,,0.182,0.35,0.0,0.0,,3.06,0.0,70.96,0.0,0.0,0.17,0.0,0.0,0.0,1.48,0.21,0.0,
Banjo,Hybrid,,4.2,45.0,THC 19%,CBD 0%,Tingly,Myrcene,,,,,,0.0,0.011,0.007,0.0,0.002,0.094,0.0,0.059,0.044,0.006,0.032,0.047,0.077,0.0,0.16,0.66,,0.095,0.559,0.0,0.0,,1.36,0.0,25.3,0.02,0.0,0.05,0.0,0.0,0.0,0.35,0.09,0.02,
Grape Cookies,Indica,,4.6,41.0,THC 17%,CBG 1%,Sleepy,Caryophyllene,,,,,,0.0,0.012,0.027,0.002,0.002,0.0,0.0,0.285,0.001,0.009,0.063,0.258,0.045,0.0,0.682,0.226,,0.085,0.572,0.0,0.0,,0.99,0.0,21.47,0.0,0.0,0.07,0.0,0.0,0.0,1.22,0.06,0.0,
Orange 43,Hybrid,,4.7,30.0,THC 18%,CBG 1%,Happy,Terpinolene,,,,,,0.043,0.009,0.003,0.006,0.004,0.003,0.0,0.112,0.013,1.085,0.08,0.062,0.091,0.03,0.211,0.812,,0.173,0.409,0.018,0.0,,1.24,0.0,29.14,0.0,0.0,0.07,0.0,0.0,0.0,0.86,0.14,0.0,
Blucifer,Sativa,,4.2,24.0,THC 20%,CBD 0%,Uplifted,Caryophyllene,,,,,,0.0,0.0,0.0,0.0,0.0,0.0,0.0,0.058,0.0,0.381,0.0,0.119,0.028,0.0,0.338,0.191,,0.047,0.063,0.0,0.0,,1.11,0.0,21.7,0.0,0.0,0.02,0.0,0.0,0.0,0.3,0.15,0.0,
Goo,Indica,,4.3,171.0,THC 17%,CBG 1%,Sleepy,Myrcene,,,,,,0.0,0.003,0.003,0.0,0.001,0.039,0.0,0.015,0.003,0.008,0.027,0.038,0.081,0.0,0.095,0.7,,0.046,0.079,0.001,0.0,,0.39,0.0,6.74,0.0,0.0,11.48,0.17,0.0,0.06,0.48,0.15,0.02,
Appalachia,Hybrid,,4.6,28.0,THC 21%,CBG 1%,Talkative,Caryophyllene,,,,,,0.0,0.006,0.01,0.0,0.002,0.017,0.0,0.123,0.001,0.005,0.086,0.233,0.024,0.0,0.773,0.173,,0.041,0.272,0.0,0.0,,2.23,0.0,21.24,0.0,0.0,0.1,0.0,0.0,0.0,0.65,0.06,0.05,
Lemon Sour Diesel,Hybrid,,4.5,29.0,THC 16%,CBG 1%,Energetic,Terpinolene,,,,,,0.0,0.054,0.032,0.0,0.001,0.0,0.0,0.07,0.044,0.013,0.282,0.407,0.012,0.0,1.422,0.22,,0.083,0.533,0.0,0.0,,1.0,0.0,16.97,0.0,0.0,0.06,0.0,0.0,0.0,0.56,0.05,0.0,
Green Lantern,Sativa,,4.6,54.0,THC 20%,CBG 1%,Talkative,Caryophyllene,,,,,,0.0,0.008,0.21,0.0,0.0,0.0,0.0,0.175,0.0,0.0,0.275,0.71,0.041,0.0,2.67,0.065,,0.075,0.242,0.0,0.0,,4.72,0.0,67.52,0.08,0.0,0.16,0.0,0.0,0.0,3.52,0.24,0.0,
Green Ribbon,Hybrid,,4.1,169.0,THC 18%,CBD 0%,Energetic,Myrcene,,,,,,0.0,0.004,0.007,0.0,0.0,0.125,0.0,0.045,0.0,0.0,0.073,0.041,0.018,0.0,0.139,0.446,,0.038,0.131,0.0,0.0,,0.3,0.0,17.83,0.0,0.0,0.04,0.0,0.0,0.0,0.36,0.11,0.0,
Orange Tree,Hybrid,,4.5,6.0,THC 18%,CBD 0%,Energetic,Caryophyllene,,,,,,0.0,0.005,0.005,0.0,0.003,0.0,0.0,0.062,0.0,0.0,0.019,0.084,0.019,0.0,0.299,0.143,,0.036,0.181,0.0,0.0,,0.29,0.0,17.95,0.0,0.0,0.05,0.0,0.0,0.0,0.2,0.15,0.0,
The Sauce,Hybrid,,4.7,56.0,THC 17%,CBG 1%,Energetic,Limonene,,,,,,0.0,0.0,0.0,0.0,0.0,0.0,0.0,0.12,0.079,0.0,0.0,0.103,0.412,0.0,0.473,0.515,,0.253,0.988,0.0,0.0,,76.01,0.0,0.0,0.48,1.1,0.0,0.2,0.0,0.0,0.0,2.0,1.61,
Blackberry Cream,Indica,aka Blackberry Creme,4.8,56.0,THC 15%,CBG 1%,Sleepy,Limonene,,,,,,0.0,0.005,0.0,0.0,0.0,0.0,0.0,0.042,0.025,0.003,0.0,0.04,0.284,0.0,0.149,0.34,,0.088,0.121,0.0,0.0,,0.91,0.0,12.25,0.0,0.0,0.04,0.0,0.0,0.0,0.3,0.02,0.0,
Cali Gold,Hybrid,aka California Gold,4.4,69.0,THC 19%,CBG 1%,Euphoric,Myrcene,,,,,,0.0,0.013,0.007,0.0,0.006,0.0,0.0,0.111,0.0,0.003,0.035,0.068,0.045,0.0,0.224,0.237,,0.08,0.315,0.0,0.0,,1.6,0.0,17.23,0.0,0.0,0.0,0.0,0.0,0.0,0.55,0.0,0.0,
Sour Gorilla,Sativa,aka Gorilla Diesel,5.0,5.0,THC 19%,CBD 0%,Uplifted,Pinene,,,,,,0.0,0.013,0.08,0.0,0.018,0.287,0.0,0.23,0.0,0.0,0.487,0.202,0.08,0.0,0.623,0.113,,0.088,0.208,0.0,0.0,,2.98,0.0,57.87,0.0,0.0,0.29,0.0,0.0,0.0,1.56,0.24,0.08,
Lemon Kush Headband,Hybrid,,4.8,13.0,THC 20%,CBG 1%,Relaxed,Limonene,,,,,,0.0,0.015,0.0,0.0,0.021,0.0,0.0,0.06,0.052,0.0,0.014,0.075,0.084,0.0,0.241,0.118,,0.112,0.592,0.0,0.0,,1.34,0.0,23.93,0.0,0.0,0.02,0.0,0.0,0.0,0.66,0.3,0.0,
Blue Glue,Hybrid,,4.9,14.0,THC 17%,CBD 0%,Euphoric,Pinene,,,,,,0.0,0.0,0.0,0.0,0.0,0.0,0.0,0.032,0.079,0.0,0.0,0.108,0.421,0.0,0.259,0.942,,0.182,0.11,0.0,0.0,,1.51,0.0,14.75,0.0,0.0,0.02,0.0,0.0,0.0,0.17,0.05,0.0,
Alpha Blue,Sativa,"aka Alpha Dream, DD",4.4,115.0,THC 20%,CBG 1%,Energetic,Myrcene,,,,,,0.0,0.0,0.0,0.0,0.0,0.0,0.0,0.121,0.0,0.0,0.077,0.111,4.207,0.0,0.385,1.746,,1.86,0.682,0.0,0.0,,80.58,0.0,0.0,0.47,0.5,0.0,0.18,0.0,0.0,0.0,1.77,1.02,
Slymer,Hybrid,aka Slimer,3.9,8.0,THC 19%,CBG 1%,Talkative,Terpinolene,,,,,,0.039,0.006,0.004,0.007,0.007,0.1,0.007,0.039,0.031,1.025,0.123,0.065,0.086,0.03,0.22,0.377,,0.145,0.269,0.019,0.002,,1.42,0.01,23.18,0.12,0.0,0.08,0.0,0.0,0.0,0.84,0.15,0.04,
SnowLAnd,Hybrid,aka Snowland,4.7,64.0,THC 20%,CBG 2%,Aroused,Terpinolene,,,,,,0.035,0.0,0.0,0.0,0.0,0.029,0.0,0.0,0.113,0.733,0.0,0.0,0.055,0.026,0.067,0.186,,0.097,0.176,0.0,0.0,,1.52,0.0,22.61,,0.0,0.05,0.0,0.0,0.0,2.13,0.14,0.04,
Vanilla Gorilla,Hybrid,,4.3,22.0,THC 18%,CBD 0%,Giggly,Caryophyllene,,,,,,0.0,0.012,0.004,0.0,0.004,0.0,0.0,0.133,0.004,0.013,0.101,0.295,0.045,0.0,1.014,0.597,,0.087,0.576,0.001,0.0,,0.67,0.0,27.3,0.0,0.0,0.06,0.0,0.0,0.0,0.41,0.07,0.0,
Valley Girl,Hybrid,aka Valley Girl OG,4.6,48.0,THC 21%,CBG 1%,Happy,Caryophyllene,,,,,,0.0,0.027,0.0,0.0,0.014,0.0,0.0,0.223,0.0,0.025,0.0,0.061,0.073,0.0,0.191,0.361,,0.112,0.661,0.0,0.0,,0.7,0.0,21.71,0.0,0.0,0.04,0.0,0.0,0.0,0.95,0.1,0.01,
Sour Alien,Hybrid,aka Sour Alien OG,4.3,130.0,THC 19%,CBG 1%,Tingly,Terpinolene,,,,,,0.0,0.006,0.005,0.0,0.001,0.0,0.0,0.034,0.003,0.0,0.059,0.076,0.153,0.0,0.206,0.374,,0.089,0.069,0.0,0.0,,0.27,0.0,19.56,0.0,0.0,0.04,0.0,0.0,0.0,0.36,0.05,0.0,
Caramelo,Sativa,,4.3,30.0,THC 16%,CBD 0%,Tingly,Limonene,,,,,,0.0,0.011,0.013,0.0,0.003,0.106,0.0,0.155,0.004,0.006,0.116,0.131,0.132,0.0,0.434,0.301,,0.107,0.457,0.0,0.0,,2.74,0.0,18.19,0.0,0.0,0.12,0.0,0.0,0.0,0.5,0.11,0.0,
Bubba Cookies,Hybrid,,4.5,11.0,THC —,CBD —,Relaxed,,,,,,,0.0,0.01,0.004,0.0,0.0,0.0,0.0,0.049,0.047,0.0,0.03,0.047,0.515,0.0,0.169,0.166,,0.137,0.076,0.0,0.0,,0.34,0.0,19.06,0.0,0.0,0.04,0.0,0.0,0.0,0.71,0.04,0.0,
Sour Pineapple,Hybrid,,4.3,4.0,THC 21%,CBG 1%,Focused,Myrcene,,,,,,0.0,0.018,0.149,0.0,0.0,0.049,0.0,0.126,0.073,0.198,0.335,0.554,0.413,0.0,1.381,1.001,,0.257,0.458,0.0,0.0,,4.26,0.0,66.74,0.0,0.0,2.46,0.12,0.0,0.1,1.26,0.25,0.09,
Ambrosia,Hybrid,,4.2,88.0,THC 17%,CBG 1%,Creative,Myrcene,,,,,,0.026,0.0,0.0,0.0,0.0,0.0,0.0,0.021,0.469,0.619,0.0,0.096,0.148,0.0,0.201,0.093,,0.105,0.138,0.0,0.0,,2.19,0.0,16.33,0.0,0.0,,0.0,0.0,0.0,4.31,0.16,0.01,
Golden Strawberry,Hybrid,,4.5,11.0,THC 23%,CBG 1%,Creative,Myrcene,,,,,,0.0,0.05,0.056,0.0,0.0,0.0,0.0,0.056,0.227,0.042,0.184,0.635,0.323,0.0,2.212,0.694,,0.392,1.743,0.0,0.0,,0.89,0.0,72.9,0.0,0.0,0.22,0.0,0.0,0.0,2.03,0.68,0.0,
Allen Wrench,Sativa,,4.3,185.0,THC 18%,CBD 0%,Energetic,Myrcene,,,,,,0.0,0.0,0.0,0.0,0.0,0.0,0.0,0.047,0.0,0.0,0.0,0.067,0.101,0.0,0.194,1.293,,0.069,0.135,0.0,0.0,,75.45,0.57,0.2,0.53,3.31,0.06,0.3,0.0,0.0,0.0,2.34,0.1,
Blue Lights,Indica,"aka Blue Northern Lights, Blueberry Lights, Blueberry Northern Lights",4.6,81.0,THC 21%,CBG 1%,Euphoric,Myrcene,,,,,,0.0,0.007,0.007,0.0,0.0,0.0,0.003,0.052,0.0,0.005,0.036,0.097,0.279,0.0,0.262,0.615,,0.136,0.126,0.0,0.0,,0.49,0.0,19.69,0.0,0.0,0.05,0.0,0.0,0.0,0.48,0.04,0.0,
Turbo Diesel,Hybrid,,5.0,4.0,THC 14%,CBD 0%,Energetic,Caryophyllene,,,,,,0.0,0.023,0.019,0.0,0.035,0.031,0.0,0.293,0.0,0.033,0.07,0.245,0.07,0.0,0.551,0.251,,0.11,0.459,0.0,0.0,,0.48,0.0,15.54,0.02,0.0,0.06,0.0,0.01,0.02,0.26,0.04,0.07,
Lemon Garlic OG,Hybrid,,4.1,13.0,THC 18%,CBG 1%,Focused,Myrcene,,,,,,0.0,0.004,0.01,0.006,0.001,0.0,0.0,0.036,0.0,0.001,0.047,0.06,0.016,0.0,0.155,0.273,,0.021,0.114,0.0,0.0,,0.92,0.0,5.0,0.0,0.0,8.78,0.56,0.0,0.12,0.03,0.02,0.14,
Limon,Sativa,,4.8,29.0,THC 20%,CBG 1%,Energetic,Myrcene,,,,,,0.0,0.018,0.0,0.0,0.0,0.0,0.0,0.042,0.0,0.015,0.0,0.045,0.058,0.0,0.126,1.283,,0.102,0.635,0.0,0.0,,0.44,0.01,28.76,0.01,0.0,0.09,0.0,0.0,0.0,2.18,0.14,0.02,
Walter White,Hybrid,,4.7,65.0,THC 22%,CBG 1%,Energetic,Caryophyllene,,,,,,0.0,0.0,0.0,0.0,0.0,0.0,0.0,0.054,0.0,0.0,0.0,0.086,0.048,0.0,0.232,0.769,,0.076,0.322,0.0,0.0,,0.55,0.0,20.09,0.0,0.0,0.05,0.0,0.0,0.0,0.65,0.19,0.0,
Black Haze,Hybrid,,4.4,44.0,THC 18%,CBD 0%,Giggly,Limonene,,,,,,0.0,0.015,0.003,0.0,0.0,0.0,0.0,0.021,0.045,0.005,0.018,0.07,0.075,0.0,0.27,0.091,,0.098,0.621,0.0,0.0,,0.32,0.0,20.47,0.0,0.0,0.05,0.0,0.0,0.0,0.25,0.09,0.0,
Dream Berry,Indica,aka Berry Dream,4.5,40.0,THC 14%,CBD 0%,Hungry,Myrcene,,,,,,0.003,0.012,0.138,0.029,0.003,0.074,0.0,0.061,0.024,0.032,0.137,0.221,0.304,0.002,0.615,0.376,,0.215,0.257,0.002,0.0,,1.97,0.0,67.76,0.0,0.0,0.2,0.0,0.0,0.0,1.62,0.12,0.0,
Game Changer,Hybrid,aka Game Changer OG,4.4,123.0,THC 16%,CBD 0%,Uplifted,Limonene,,,,,,0.0,0.005,0.043,0.0,0.0,0.0,0.0,0.027,0.0,0.0,0.204,0.786,0.032,0.0,2.044,1.684,,0.074,0.312,0.0,0.0,,4.01,0.0,69.64,0.0,0.0,0.16,0.0,0.0,0.0,4.63,0.62,0.15,
Banana Glue,Hybrid,,4.3,3.0,THC 19%,CBD 0%,Euphoric,Myrcene,,,,,,0.0,0.02,0.029,0.0,0.002,0.0,0.0,0.093,0.042,0.01,0.083,0.244,0.141,0.0,0.824,0.589,,0.159,0.636,0.0,0.0,,2.6,0.0,80.74,0.0,0.0,0.16,0.0,0.0,0.0,1.11,0.45,0.0,
Sky OG,Hybrid,,4.7,9.0,THC 17%,CBD 0%,Relaxed,Myrcene,,,,,,0.0,0.009,0.007,0.0,0.008,0.0,0.0,0.144,0.002,0.013,0.044,0.143,0.035,0.0,0.437,1.11,,0.075,0.455,0.001,0.0,,0.78,0.0,22.23,0.0,0.0,0.06,0.0,0.0,0.0,0.65,0.17,0.01,
Cadillac Purple,Indica,aka Purple Cadillac,4.2,147.0,THC —,CBD —,Sleepy,,,,,,,0.0,0.004,0.006,0.0,0.0,0.0,0.0,0.068,0.077,0.0,0.025,0.069,0.3,0.0,0.27,0.656,,0.065,0.02,0.0,0.0,,0.42,0.0,19.42,0.0,0.0,0.04,0.0,0.0,0.02,0.23,0.08,0.0,
BTY OG,Indica,aka Better Than Yours OG,4.2,17.0,THC 23%,CBG 1%,Euphoric,Myrcene,,,,,,0.0,0.029,0.079,0.006,0.04,0.002,0.0,0.67,0.0,0.014,0.114,0.566,0.086,0.0,1.941,0.326,,0.196,0.637,0.0,0.004,,2.45,0.0,69.88,0.0,0.0,0.18,0.0,0.0,0.0,1.78,0.33,0.0,
Deep Sleep,Indica,aka PO #4,4.5,69.0,THC 15%,CBD 0%,Sleepy,Myrcene,,,,,,0.0,0.007,0.005,0.0,0.0,0.0,0.0,0.04,0.0,0.003,0.031,0.036,0.117,0.0,0.129,0.493,,0.073,0.106,0.0,0.0,,0.59,0.0,19.0,0.0,0.0,0.04,0.0,0.0,0.0,0.16,0.05,0.0,
Supreme OG,Hybrid,,5.0,2.0,THC 19%,CBG 1%,Giggly,Limonene,,,,,,0.0,0.009,0.0,0.0,0.024,0.0,0.0,0.2,0.0,0.0,0.05,0.13,0.048,0.0,0.41,0.548,,0.101,0.629,0.0,0.0,,0.92,0.0,20.54,0.0,0.0,0.05,0.0,0.0,0.0,0.73,0.13,0.02,
501st OG,Hybrid,aka 501 OG,4.6,125.0,THC 21%,CBG 1%,Sleepy,Myrcene,,,,,,0.0,0.005,0.0,0.0,0.001,0.0,0.0,0.094,0.0,0.0,0.029,0.037,0.031,0.0,0.133,0.427,,0.055,0.33,0.0,0.0,,0.4,0.01,22.18,0.02,0.0,0.08,0.0,0.0,0.02,0.71,0.08,0.0,
Cake Frosting,Hybrid,aka Frosted Cake,4.9,7.0,THC —,CBD —,Relaxed,,,,,,,0.0,0.016,0.071,0.0,0.0,0.0,0.0,0.368,0.0,0.032,0.153,0.652,0.048,0.0,1.681,1.237,,0.099,0.829,0.0,0.013,,3.9,0.0,72.48,0.0,0.0,0.12,0.0,0.0,0.0,1.18,0.29,0.0,
Snow Monster,Indica,,4.4,58.0,THC —,CBD —,Sleepy,,,,,,,0.0,0.019,0.0,0.0,0.0,0.0,0.0,0.0,0.0,0.0,0.0,0.037,0.188,0.0,0.106,0.123,,0.142,0.668,0.0,0.0,,1.17,0.0,25.29,0.0,0.0,0.04,0.0,0.0,0.07,0.73,0.05,0.0,
Tangie Dream,Hybrid,,4.4,21.0,THC 19%,CBD 0%,Creative,Myrcene,,,,,,0.0,0.008,0.007,0.001,0.002,0.001,0.0,0.07,0.062,0.004,0.005,0.053,0.402,0.0,0.169,1.413,,0.202,0.155,0.0,0.0,,0.95,0.0,20.7,0.0,0.0,0.06,0.0,0.0,0.0,0.42,0.05,0.0,
Fruity Chronic Juice,Indica,aka Chronic Fruit Juice,4.4,46.0,THC 18%,CBG 1%,Talkative,Myrcene,,,,,,0.0,0.0,0.0,0.0,0.0,0.0,0.0,0.048,0.0,0.0,0.0,0.086,0.624,0.0,0.208,0.36,,0.24,0.089,0.0,0.0,,1.15,0.0,19.27,0.0,0.0,0.07,0.0,0.0,0.03,0.61,0.07,0.01,
Big Sur Holy Weed,Sativa,"aka Big Sur Holy Bud, BSHB, BSHW",4.1,31.0,THC 18%,CBD 0%,Energetic,Myrcene,,,,,,0.0,0.016,0.011,0.0,0.006,0.0,0.0,0.078,0.67,0.008,0.034,0.085,0.472,0.0,0.25,0.56,,0.236,0.586,0.0,0.0,,1.66,0.01,19.04,0.01,0.0,0.07,0.0,0.0,0.0,0.28,0.12,0.02,
Pineapple Thai,Sativa,,3.9,89.0,THC 17%,CBD 0%,Focused,Myrcene,,,,,,0.0,0.004,0.04,0.0,0.001,0.002,0.0,0.035,0.423,0.001,0.015,0.278,0.163,0.0,0.721,2.151,,0.077,0.074,0.0,0.0,,0.67,0.03,15.74,0.01,0.0,0.06,0.0,0.0,0.0,0.35,0.04,0.04,
Chem Scout,Indica,aka Chemscout,4.6,55.0,THC 20%,CBD 0%,Relaxed,Caryophyllene,,,,,,0.0,0.034,0.048,0.0,0.097,0.0,0.0,0.297,0.0,0.099,0.086,0.987,0.1,0.0,2.294,0.91,,0.193,0.75,0.0,0.0,,5.8,0.0,67.54,0.04,0.0,0.22,0.0,0.0,0.01,3.87,0.28,0.0,
Dark Knight,Hybrid,,4.4,16.0,THC —,CBD —,Happy,,,,,,,0.0,0.0,0.127,0.0,0.0,0.109,0.0,0.229,0.027,0.0,0.267,0.426,0.254,0.0,1.253,0.653,,0.123,0.181,0.0,0.0,,9.0,0.0,66.43,0.0,0.46,0.17,0.0,0.0,0.0,0.78,0.41,0.16,
Super Kush,Indica,,4.1,88.0,THC 18%,CBD 0%,Happy,Terpinolene,,,,,,0.0,0.014,0.01,0.0,0.008,0.0,0.0,0.006,0.001,0.007,0.047,0.107,0.056,0.0,0.348,0.336,,0.097,0.596,0.0,0.0,,1.19,0.0,24.04,0.0,0.0,0.07,0.0,0.0,0.0,0.41,0.14,0.0,
Cookie Kush,Hybrid,,4.4,5.0,THC 16%,CBG 1%,Happy,Myrcene,,,,,,0.0,0.015,0.005,0.0,0.0,0.0,0.0,0.399,0.0,0.008,0.001,0.046,0.054,0.0,0.151,0.094,,0.101,0.469,0.0,0.0,,0.38,0.0,16.77,0.0,0.0,0.04,0.0,0.0,0.0,0.27,0.06,0.0,
Green Candy,Sativa,aka California Green Candy,4.2,126.0,THC 17%,CBG 1%,Energetic,Myrcene,,,,,,0.0,0.0,0.01,0.0,0.0,0.0,0.0,0.089,0.22,0.003,0.07,0.078,0.058,0.0,0.195,0.511,,0.042,0.148,0.0,0.0,,1.21,0.0,16.8,0.0,0.0,0.05,0.0,0.0,0.0,1.31,0.14,0.02,
Locktite,Hybrid,aka Loctite,4.4,74.0,THC 19%,CBG 1%,Happy,Caryophyllene,,,,,,0.0,0.005,0.014,0.0,0.0,0.099,0.0,0.077,0.038,0.0,0.077,0.244,0.036,0.0,0.586,0.48,,0.05,0.1,0.0,0.0,,1.59,0.01,20.19,0.06,0.0,0.07,0.0,0.0,0.0,0.5,0.05,0.02,
Warlock,Hybrid,,3.9,76.0,THC 16%,CBD 0%,Relaxed,Myrcene,,,,,,0.01,0.0,0.016,0.0,0.0,0.0,0.0,0.495,0.0,0.0,0.145,0.603,0.169,0.0,0.5,2.686,,0.21,2.417,0.0,0.0,,56.09,0.0,0.0,1.03,0.55,0.0,19.65,0.24,0.0,0.0,2.28,1.95,
Banana Dream,Hybrid,,4.2,13.0,THC 32%,CBG 1%,Talkative,Limonene,,,,,,0.0,0.0,0.104,0.0,0.001,0.008,0.0,0.026,0.0,0.0,0.057,0.094,0.021,0.0,0.243,0.04,,0.019,0.038,0.0,0.0,,2.12,0.0,91.39,0.0,0.0,0.15,0.0,0.0,0.0,0.69,0.25,0.0,
Cracker Jack,Sativa,,4.0,105.0,THC 20%,CBG 1%,Energetic,Terpinolene,,,,,,0.034,0.0,0.006,0.004,0.001,0.0,0.007,0.004,0.151,0.923,0.002,0.119,0.052,0.031,0.312,0.104,,0.08,0.088,0.014,0.0,,0.98,0.0,20.74,0.01,0.0,0.07,0.0,0.0,0.0,0.87,0.14,0.0,
Green Haze,Sativa,,3.7,35.0,THC 16%,CBD 0%,Talkative,Myrcene,,,,,,0.0,0.01,0.012,0.0,0.0,0.0,0.0,0.112,0.0,0.01,0.0,0.115,0.023,0.0,0.242,0.445,,0.04,0.191,0.0,0.0,,0.19,0.0,17.79,0.02,0.0,0.17,0.0,0.0,0.0,0.7,0.07,0.07,
Alien Hallucination,Hybrid,,4.1,46.0,THC 20%,CBG 1%,Creative,Pinene,,,,,,0.0,0.002,0.0,0.0,0.0,0.0,0.0,0.055,0.108,0.0,0.03,0.059,0.486,0.0,0.241,0.513,,0.131,0.114,0.0,0.0,,0.52,0.0,22.57,0.01,0.0,0.05,0.0,0.0,0.0,1.08,0.05,0.0,
Hitman OG Kush,Hybrid,aka Hitman OG,5.0,5.0,THC 18%,CBD 0%,Giggly,Myrcene,,,,,,0.0,0.021,0.0,0.0,0.0,0.0,0.0,0.165,0.0,0.0,0.0,0.153,0.058,0.0,0.514,0.553,,0.105,0.56,0.0,0.0,,2.28,0.0,27.49,0.0,0.0,0.05,0.0,0.0,0.0,0.65,0.07,0.02,
Valley OG,Hybrid,,4.8,5.0,THC 23%,CBG 1%,Energetic,Myrcene,,,,,,0.0,0.008,0.007,0.0,0.0,0.0,0.0,0.06,0.0,0.003,0.1,0.236,0.032,0.0,0.774,0.328,,0.063,0.45,0.0,0.0,,1.53,0.0,22.85,0.0,0.0,0.02,0.0,0.0,0.0,0.38,0.08,0.02,
Cookie Pie,Hybrid,,4.4,5.0,THC 20%,CBG 1%,Sleepy,Caryophyllene,,,,,,0.0,0.007,0.021,0.0,0.0,0.001,0.0,0.102,0.0,0.004,0.007,0.176,0.037,0.0,0.636,0.086,,0.054,0.143,0.0,0.0,,1.5,0.0,23.95,0.0,0.0,0.05,0.0,0.0,0.0,0.89,0.07,0.02,
Chocolope Kush,Hybrid,,3.9,143.0,THC 21%,CBG 1%,Hungry,Myrcene,,,,,,0.0,0.011,0.008,0.0,0.0,0.044,0.0,0.185,0.0,0.007,0.0,0.05,0.039,0.0,0.112,0.636,,0.062,0.336,0.0,0.0,,0.73,0.0,22.82,0.0,0.0,0.09,0.0,0.0,0.0,0.79,0.1,0.0,
Miss USA,Hybrid,,4.4,11.0,THC —,CBD —,Tingly,,,,,,,0.0,0.011,0.007,0.0,0.0,0.0,0.0,0.0,0.031,0.004,0.052,0.079,0.082,0.0,0.272,0.381,,0.084,0.408,0.0,0.0,,0.46,0.0,20.95,0.0,0.0,0.03,0.0,0.0,0.0,0.38,0.09,0.0,
Truffula Tree,Hybrid,,5.0,4.0,THC 20%,CBD 0%,Giggly,Caryophyllene,,,,,,0.0,0.009,0.011,0.0,0.0,0.085,0.002,0.07,0.004,0.012,0.076,0.2,0.033,0.0,0.697,0.301,,0.065,0.376,0.0,0.0,,0.37,0.0,22.52,0.0,0.0,0.07,0.0,0.0,0.01,0.35,0.05,0.0,
Mango Cookies,Hybrid,,5.0,1.0,THC 18%,CBD 0%,,Pinene,,,,,,0.0,0.0,0.0,0.0,0.0,0.0,0.0,0.086,0.0,0.0,0.0,0.134,0.826,0.0,0.358,0.358,,0.31,0.14,0.0,0.0,,2.04,0.0,23.52,0.0,0.0,,0.0,0.0,0.0,0.66,0.07,0.01,
Afghan Haze,Hybrid,,4.2,57.0,THC 16%,CBG 1%,Creative,Myrcene,,,,,,0.0,0.022,0.01,0.0,0.0,0.0,0.0,0.053,0.0,0.015,0.036,0.105,0.065,0.0,0.253,0.162,,0.11,0.777,0.0,0.0,,0.29,0.01,24.8,0.02,0.0,0.09,0.0,0.0,0.0,1.29,0.13,0.03,
Space Bomb,Hybrid,,4.5,134.0,THC 19%,CBG 1%,Uplifted,Caryophyllene,,,,,,0.0,0.014,0.008,0.0,0.0,0.0,0.0,0.075,0.095,0.04,0.0,0.097,0.06,0.0,0.194,0.627,,0.086,0.312,0.0,0.0,,0.45,0.0,21.35,0.01,0.0,0.07,0.0,0.0,0.0,1.0,0.07,0.0,
Master Bubba,Indica,aka Master Bubba Kush,4.0,114.0,THC 24%,CBD 0%,Sleepy,Myrcene,,,,,,0.0,0.005,0.003,0.0,0.001,0.045,0.0,0.048,0.064,0.003,0.033,0.078,0.018,0.0,0.286,1.998,,0.046,0.203,0.0,0.0,,0.56,0.0,26.95,0.0,0.0,0.07,0.0,0.0,0.0,0.27,0.1,0.0,
Megatron,Hybrid,,3.0,6.0,THC 20%,CBD 0%,Giggly,Pinene,,,,,,0.0,0.006,0.0,0.0,0.0,0.0,0.0,0.037,0.0,0.0,0.039,0.058,0.939,0.0,0.175,1.082,,0.36,0.121,0.0,0.0,,1.9,0.0,20.53,0.01,0.0,0.09,0.0,0.0,0.01,0.38,0.04,0.02,
Dream Beaver,Sativa,,4.7,51.0,THC 20%,CBG 1%,Talkative,Myrcene,,,,,,0.0,0.009,0.024,0.0,0.005,0.0,0.003,0.027,0.066,0.006,0.011,0.175,0.427,0.0,0.474,1.953,,0.21,0.309,0.0,0.0,,1.22,0.0,21.1,0.0,0.0,0.05,0.0,0.0,0.0,0.78,0.11,0.0,
A-Dub,Hybrid,,4.5,70.0,THC 23%,CBG 1%,Euphoric,Myrcene,,,,,,0.0,0.01,0.01,0.0,0.006,0.0,0.0,0.068,0.0,0.01,0.16,0.281,0.035,0.0,0.875,0.616,,0.07,0.5,0.0,0.0,,1.86,0.0,18.61,0.0,0.0,0.05,0.0,0.0,0.0,0.23,0.06,0.03,
Puna Budder,Hybrid,,4.9,18.0,THC 20%,CBD 0%,Uplifted,Myrcene,,,,,,0.0,0.018,0.0,0.0,0.0,0.0,0.0,0.243,0.0,0.0,0.0,0.119,0.059,0.0,0.371,0.971,,0.118,0.67,0.0,0.0,,1.07,0.0,27.15,0.0,0.0,0.07,0.0,0.0,0.0,0.51,0.11,0.0,
Moolah,Hybrid,aka Moolah OG,5.0,3.0,THC 20%,CBD 0%,Tingly,Myrcene,,,,,,0.003,0.008,0.012,0.0,0.0,0.1,0.008,0.048,0.0,0.06,0.117,0.173,0.043,0.001,0.426,0.86,,0.064,0.25,0.0,0.0,,0.47,0.0,21.11,0.0,0.0,0.05,0.0,0.0,0.0,0.52,0.0,0.0,
OG Sour Diesel,Hybrid,,4.4,13.0,THC 19%,CBD 0%,Aroused,Caryophyllene,,,,,,0.0,0.027,0.008,0.0,0.0,0.0,0.0,0.099,0.0,0.023,0.0,0.212,0.064,0.0,0.529,0.328,,0.092,0.551,0.0,0.0,,0.96,0.0,20.28,0.0,0.0,0.08,0.0,0.03,0.0,0.69,0.08,0.0,
Golden Tangie,Sativa,,4.3,11.0,THC 16%,CBD 0%,Euphoric,Terpinolene,,,,,,0.026,0.006,0.004,0.003,0.0,0.058,0.0,0.053,0.008,0.53,0.021,0.075,0.273,0.017,0.224,0.551,,0.166,0.103,0.01,0.0,,0.65,0.0,17.15,0.0,0.0,0.05,0.0,0.0,0.0,0.3,0.09,0.0,
OGiesel,Hybrid,,4.2,76.0,THC 18%,CBD 0%,Euphoric,Caryophyllene,,,,,,0.0,0.006,0.004,0.0,0.0,0.058,0.0,0.06,0.0,0.008,0.0,0.112,0.025,0.0,0.301,0.25,,0.05,0.264,0.0,0.0,,0.53,0.0,19.88,0.0,0.0,0.05,0.0,0.0,0.0,0.14,0.06,0.0,
The White Angel,Hybrid,,4.7,9.0,THC 14%,CBG 7%,Aroused,Caryophyllene,,,,,,0.0,0.014,0.02,0.0,0.005,0.023,0.0,0.141,0.0,0.004,0.077,0.073,0.049,0.0,0.262,0.37,,0.092,0.431,0.0,0.0,,1.16,0.0,29.86,0.0,0.0,0.07,0.0,0.0,0.0,1.07,0.11,0.0,
White Dream,Hybrid,aka White Widow Dream,4.7,34.0,THC —,CBD —,Uplifted,,,,,,,0.0,0.0,0.082,0.0,0.0,0.062,0.0,0.147,0.029,0.0,0.138,0.2,0.42,0.0,0.566,0.542,,0.23,0.262,0.0,0.0,,1.81,0.0,82.93,0.0,0.0,0.19,0.0,0.0,0.0,2.62,0.19,0.0,
White Girl,Hybrid,,4.7,12.0,THC 18%,CBD 0%,Aroused,Myrcene,,,,,,0.0,0.0,0.0,0.0,0.0,0.0,0.0,0.007,0.0,0.0,0.059,0.124,0.0,0.0,0.455,1.07,,0.012,0.048,0.0,0.0,,1.07,0.0,19.51,0.0,0.0,0.06,0.0,0.0,0.0,0.9,0.15,0.0,
Lemon Fire,Hybrid,,4.6,13.0,THC 15%,CBG 1%,Tingly,Myrcene,,,,,,0.0,0.005,0.002,0.0,0.0,0.0,0.0,0.117,0.0,0.005,0.078,0.085,0.023,0.0,0.258,0.451,,0.046,0.23,0.0,0.0,,0.59,0.0,20.96,0.0,0.0,0.05,0.0,0.0,0.0,0.23,0.05,0.0,
Oracle,Hybrid,,4.3,3.0,THC 25%,CBG 1%,Creative,Limonene,,,,,,0.0,0.002,0.015,0.0,0.0,0.0,0.008,0.041,0.0,0.0,0.081,0.035,0.147,0.0,0.116,0.653,,0.05,0.071,0.0,0.0,,2.44,0.0,1.54,0.0,0.03,6.96,2.49,0.05,0.17,0.21,0.08,0.14,
Lemon Pineapple,Hybrid,,4.0,1.0,THC 20%,CBG 1%,Tingly,Myrcene,,,,,,0.138,0.036,0.058,0.032,0.0,0.133,0.0,0.196,0.183,0.474,0.0,0.31,0.161,0.14,0.546,0.666,,0.251,0.501,0.129,0.0,,2.55,0.0,77.41,0.0,0.0,0.26,0.0,0.0,0.0,2.95,0.21,0.0,
Zprite,Hybrid,,4.2,5.0,THC 19%,CBG 1%,Energetic,Terpinolene,,,,,,0.01,0.002,0.002,0.0,0.0,0.0,0.0,0.042,0.032,0.281,0.033,0.043,0.198,0.005,0.153,0.194,,0.102,0.056,0.005,0.0,,0.61,0.0,13.15,0.0,0.0,0.05,0.0,0.0,0.0,0.24,0.05,0.0,
Hawaiian Skunk,Hybrid,,4.1,52.0,THC 18%,CBG 2%,Euphoric,Myrcene,,,,,,0.0,0.0,0.0,0.0,0.0,0.0,0.0,0.047,0.188,0.0,0.0,0.063,0.101,0.0,0.152,0.409,,0.058,0.117,0.0,0.0,,1.96,0.0,17.92,0.0,0.0,0.02,0.0,0.0,0.0,1.65,0.16,0.04,
The Gift,Hybrid,aka RG8,4.9,10.0,THC 15%,CBD 0%,Aroused,Limonene,,,,,,0.0,0.033,0.132,0.0,0.003,0.299,0.0,0.23,0.003,0.01,0.509,0.28,1.399,0.0,0.774,6.149,,0.645,0.735,0.002,0.0,,0.58,0.0,2.54,0.0,0.0,64.22,3.47,0.0,0.41,0.74,0.27,0.32,
Silver Cheese,Hybrid,,4.2,9.0,THC —,CBD —,Euphoric,,,,,,,0.0,0.017,0.019,0.001,0.001,0.0,0.0,0.451,0.003,0.011,0.011,0.267,0.058,0.0,0.635,0.283,,0.114,0.763,0.001,0.0,,0.46,0.0,23.86,0.0,0.0,0.05,0.0,0.0,0.0,1.06,0.09,0.0,
Jack OG,Hybrid,,4.5,2.0,THC 18%,CBD 0%,Giggly,Myrcene,,,,,,0.004,0.001,0.002,0.001,0.001,0.039,0.0,0.007,0.281,0.063,0.025,0.027,0.065,0.002,0.071,1.406,,0.04,0.031,0.002,0.0,,0.75,0.0,19.77,0.0,0.0,0.06,0.0,0.0,0.0,0.8,0.08,0.0,
Shangri-La,Hybrid,,4.6,54.0,THC 17%,CBD 0%,Uplifted,Myrcene,,,,,,0.0,0.012,0.003,0.0,0.01,0.0,0.0,0.095,0.002,0.009,0.02,0.069,0.045,0.0,0.257,0.588,,0.092,0.563,0.0,0.0,,0.99,0.0,22.32,0.0,0.0,0.07,0.0,0.0,0.0,0.42,0.25,0.03,
Blue Tara,Hybrid,,4.5,2.0,THC 21%,CBG 1%,Happy,Myrcene,,,,,,0.0,0.027,0.059,0.028,0.0,0.034,0.0,0.391,0.063,0.032,0.0,0.147,0.099,0.0,0.424,0.092,,0.116,0.461,0.0,0.0,,15.98,0.0,33.42,0.11,0.0,0.21,0.0,0.0,0.0,1.09,0.42,0.19,
Northern Skunk,Hybrid,,4.4,54.0,THC 19%,CBG 1%,Happy,Myrcene,,,,,,0.0,0.026,0.0,0.0,0.0,0.0,0.0,0.228,0.0,0.0,0.0,0.207,0.082,0.0,0.692,1.33,,0.163,1.081,0.0,0.0,,1.86,0.0,27.26,0.0,0.0,0.05,0.0,0.0,0.0,0.86,0.11,0.0,
Zelda,Hybrid,,4.8,14.0,THC 19%,CBG 1%,Relaxed,Caryophyllene,,,,,,0.0,0.0,0.0,0.0,0.0,0.0,0.0,0.177,0.0,0.0,0.0,0.128,0.033,0.0,0.422,0.018,,0.06,0.395,0.0,0.0,,0.96,0.0,23.45,0.0,0.0,0.01,0.0,0.0,0.0,0.65,0.04,0.0,
Afghan Diesel,Hybrid,,3.5,44.0,THC 10%,CBG 1%,Euphoric,Terpinolene,,,,,,0.0,0.06,0.084,0.0,0.0,0.0,0.0,1.045,0.031,0.075,0.844,1.009,0.304,0.0,3.012,8.284,,0.503,3.484,0.0,0.0,,19.91,0.0,32.98,0.17,0.07,0.28,0.0,0.0,0.0,1.28,0.74,0.29,
Animal OG,Unknown,,5.0,1.0,THC 17%,CBG 1%,Creative,Caryophyllene,,,,,,0.011,0.016,0.102,0.003,0.02,0.073,0.0,0.286,0.066,0.263,0.283,0.494,0.212,0.007,1.533,0.746,,0.209,0.559,0.008,0.0,,4.23,0.0,69.7,0.0,0.0,0.17,0.0,0.0,0.0,1.91,0.32,0.0,
Pacific Frost,Hybrid,,4.5,6.0,THC —,CBD —,Focused,,,,,,,0.0,0.0,0.0,0.0,0.0,0.056,0.0,0.056,0.0,0.0,0.057,0.032,0.127,0.0,0.111,0.934,,0.081,0.166,0.0,0.0,,0.53,0.0,19.93,0.0,0.0,0.03,0.0,0.0,0.0,0.64,0.06,0.0,
Sweet Jesus,Sativa,,4.9,10.0,THC —,CBD —,Energetic,,,,,,,0.0,0.047,0.28,0.0,0.0,1.372,0.0,0.894,6.716,0.316,0.144,1.079,1.132,0.0,3.411,11.997,,0.568,2.05,0.0,0.0,,12.14,0.0,31.3,0.0,0.0,0.27,0.0,0.0,0.0,0.97,0.54,0.19,
Melonberry,Hybrid,,5.0,3.0,THC —,CBD —,Creative,,,,,,,0.035,0.0,0.0,0.006,0.0,0.0,0.012,0.003,0.265,1.294,0.006,0.149,0.048,0.031,0.366,0.149,,0.08,0.112,0.018,0.0,,0.95,0.0,19.14,0.01,0.0,0.07,0.0,0.0,0.01,2.11,0.14,0.0,
Brain Candy,Hybrid,,5.0,4.0,THC —,CBD —,Hungry,,,,,,,0.003,0.0,0.062,0.007,0.001,0.0,0.0,0.239,0.012,0.069,0.14,0.31,0.036,0.0,0.842,0.179,,0.028,0.028,0.004,0.0,,4.08,0.0,77.17,0.0,0.0,0.18,0.0,0.0,0.0,1.21,0.45,0.13,
Shape Shifter,Hybrid,,4.3,3.0,THC 16%,CBG 2%,,Myrcene,,,,,,0.0,0.006,0.013,0.0,0.0,0.0,0.0,0.022,0.0,0.003,0.064,0.053,0.331,0.0,0.164,1.274,,0.148,0.074,0.0,0.0,,0.54,0.0,17.94,0.0,0.0,0.03,0.0,0.0,0.0,0.61,0.05,0.0,
Grimace OG,Indica,,4.8,14.0,THC 18%,CBD 0%,Aroused,Myrcene,,,,,,0.0,0.011,0.086,0.0,0.0,0.032,0.0,0.222,0.012,0.051,0.41,0.576,0.065,0.0,1.922,0.255,,0.071,0.245,0.0,0.0,,8.47,0.0,63.97,0.0,0.0,0.17,0.02,0.0,0.0,1.34,0.26,0.19,
The Cure,Hybrid,,4.5,2.0,THC 22%,CBG 2%,Giggly,Myrcene,,,,,,0.0,0.004,0.005,0.001,0.001,0.098,0.0,0.08,0.056,0.003,0.022,0.062,0.014,0.0,0.164,0.915,,0.029,0.15,0.0,0.0,,0.41,0.0,23.65,0.0,0.0,0.1,0.0,0.0,0.0,3.07,0.18,0.0,
Pineapple Hash Plant,Hybrid,,5.0,3.0,THC 18%,CBG 1%,Giggly,Terpinolene,,,,,,0.029,0.0,0.0,0.0,0.0,0.0,0.007,0.011,0.155,0.782,0.0,0.0,0.058,0.012,0.0,0.139,,0.069,0.113,0.01,0.002,,1.01,0.01,20.87,0.0,0.0,0.07,0.0,0.0,0.0,2.02,0.13,0.01,
Jesse's Girl,Indica,,4.7,12.0,THC —,CBD —,Euphoric,,,,,,,0.0,0.0,0.018,0.0,0.0,0.0,0.0,0.049,0.069,0.0,0.127,0.131,0.041,0.0,0.419,0.47,,0.017,0.028,0.0,0.0,,0.46,0.0,16.61,0.0,0.0,0.03,0.0,0.0,0.0,0.98,0.03,0.02,
Purple Lights,Indica,,,,THC 18%,CBD 0%,,Myrcene,,,,,,0.0,0.011,0.007,0.0,0.0,0.053,0.0,0.104,0.0,0.007,0.0,0.037,0.03,0.0,0.121,0.878,,0.054,0.241,0.0,0.0,,0.81,0.0,25.15,0.0,0.0,0.02,0.0,0.0,0.0,0.37,0.2,0.0,
Inferno OG,Hybrid,,3.7,3.0,THC 17%,CBG 1%,Aroused,Myrcene,,,,,,0.0,0.008,0.004,0.0,0.001,0.003,0.0,0.051,0.001,0.007,0.007,0.081,0.035,0.0,0.288,0.935,,0.069,0.346,0.0,0.0,,0.5,0.0,21.2,0.0,0.0,0.05,0.0,0.0,0.0,0.83,0.13,0.0,
Sweet Black Angel,Indica,,4.5,56.0,THC 15%,CBD 0%,Sleepy,Myrcene,,,,,,0.0,0.011,0.0,0.0,0.0,0.0,0.0,0.021,0.0,0.0,0.009,0.038,0.761,0.0,0.135,2.114,,0.222,0.333,0.0,0.0,,0.62,0.0,17.19,0.0,0.0,0.04,0.0,0.0,0.0,1.02,0.07,0.0,
Grape Calyx,Hybrid,,5.0,8.0,THC 20%,CBG 1%,Hungry,Myrcene,,,,,,0.0,0.019,0.0,0.004,0.0,0.0,0.0,0.069,0.035,0.011,0.0,0.045,0.265,0.0,0.133,0.386,,0.069,0.071,0.0,0.0,,0.64,0.0,21.86,0.0,0.0,0.06,0.0,0.0,0.0,0.48,0.17,0.03,
Suicide Girl,Hybrid,,4.8,6.0,THC 21%,CBG 2%,Talkative,Myrcene,,,,,,0.0,0.0,0.002,0.0,0.0,0.006,0.0,0.171,0.274,0.0,0.007,0.055,0.287,0.0,0.121,1.666,,0.092,0.055,0.0,0.0,,0.48,0.0,24.23,0.0,0.0,0.06,0.0,0.0,0.0,1.74,0.07,0.0,
Trinity Kush,Hybrid,,,,THC 16%,CBG 1%,,Myrcene,,,,,,0.0,0.002,0.009,0.0,0.001,0.004,0.0,0.019,0.084,0.001,0.036,0.055,0.241,0.0,0.187,0.694,,0.066,0.02,0.0,0.0,,0.33,0.0,17.18,0.0,0.0,0.04,0.0,0.0,0.0,0.31,0.06,0.0,
Banana Dawg,Hybrid,aka Banana Dog,5.0,1.0,THC —,CBD —,Giggly,,,,,,,0.0,0.0,0.141,0.0,0.011,0.237,0.0,0.087,0.03,0.066,0.248,0.219,0.085,0.0,0.611,0.111,,0.08,0.105,0.0,0.0,,3.07,0.0,71.35,0.0,0.0,0.2,0.0,0.0,0.0,3.13,0.38,0.0,
Cherry Puff,Hybrid,,4.3,3.0,THC 16%,CBD 0%,,Myrcene,,,,,,0.0,0.495,0.143,0.021,0.039,0.0,0.098,0.674,1.552,0.452,0.062,2.457,9.763,0.022,8.75,13.669,,5.643,9.207,0.037,0.009,,,,,,,,,,,,,,
Silver Calyx,Hybrid,,5.0,2.0,THC 19%,CBG 1%,Aroused,Limonene,,,,,,0.0,0.01,0.01,0.0,0.003,0.006,0.0,0.111,0.0,0.004,0.088,0.126,0.04,0.0,0.327,0.01,,0.066,0.256,0.0,0.0,,0.38,0.0,21.12,0.0,0.0,0.05,0.0,0.0,0.0,1.33,0.05,0.0,
Mountain Temple,Sativa,,4.5,4.0,THC 18%,CBD 0%,Tingly,Pinene,,,,,,0.0,0.008,0.0,0.0,0.0,0.0,0.0,0.0,0.0,0.015,0.067,0.051,0.521,0.0,0.173,0.364,,0.223,0.13,0.0,0.0,,0.82,0.0,16.06,0.0,0.0,0.04,0.0,0.0,0.0,0.04,0.05,0.0,
Green Door Kush,Hybrid,,4.1,11.0,THC —,CBD —,Creative,,,,,,,0.0,0.004,0.008,0.0,0.0,0.0,0.0,0.069,0.217,0.0,0.072,0.077,0.058,0.0,0.196,0.53,,0.047,0.122,0.0,0.0,,0.31,0.0,16.42,0.0,0.0,0.06,0.0,0.0,0.0,1.72,0.12,0.01,
Calyx OG,Hybrid,,,,THC 20%,CBG 1%,,Limonene,,,,,,0.0,0.018,0.01,0.0,0.002,0.0,0.002,0.195,0.002,0.019,0.008,0.192,0.06,0.0,0.444,0.384,,0.121,0.639,0.0,0.0,,0.38,0.0,22.01,0.0,0.0,0.05,0.0,0.0,0.0,0.57,0.11,0.0,
Blueberry Hash OG,Unknown,,,,THC —,CBD —,,,,,,,,0.0,0.0,0.079,0.0,0.0,0.0,0.0,0.107,0.0,0.035,0.161,0.216,0.075,0.0,0.546,0.079,,0.062,0.046,0.0,0.0,,6.73,0.0,47.17,0.0,0.14,0.24,0.0,0.0,0.0,0.97,0.27,0.05,
Pac Man,Hybrid,aka Pacman,,,THC —,CBD —,,,,,,,,0.179,0.001,0.004,0.0,0.0,0.002,0.0,0.024,0.484,0.003,0.038,0.024,0.086,0.001,0.074,0.048,,0.03,0.057,0.002,0.0,,1.45,0.02,10.65,0.01,0.0,0.04,0.0,0.0,0.0,0.01,0.1,0.07,
Platinum Gorilla,Hybrid,"aka Platinum Gorilla #1, Platinum Gorilla #3",4.4,5.0,THC —,CBD —,,,,,,,,0.0,0.012,0.008,0.0,0.008,0.0,0.0,0.091,0.002,0.006,0.12,0.255,0.05,0.0,0.838,0.281,,0.092,0.49,0.0,0.0,,0.33,0.0,24.6,0.0,0.0,0.06,0.0,0.0,0.0,0.42,0.08,0.0,
Bananimal,Hybrid,aka Bananimals,4.0,1.0,THC —,CBD —,,,,,,,,0.0,0.022,0.0,0.0,0.0,0.0,0.0,0.085,0.029,0.005,0.0,0.046,0.185,0.0,0.184,0.175,,0.179,0.564,0.0,0.0,,0.46,0.0,23.77,0.0,0.0,0.05,0.0,0.0,0.0,0.55,0.16,0.0,
Space Oddity,Hybrid,,,,THC 18%,CBG 1%,,Myrcene,,,,,,0.0,0.0,0.0,0.0,0.0,0.0,0.0,0.035,0.062,0.009,0.0,0.311,0.03,0.0,0.677,0.923,,0.048,0.227,0.0,0.0,,0.79,0.0,29.68,0.0,0.0,0.06,0.0,0.0,0.0,1.38,0.21,0.0,
Platinum Calyx,Hybrid,,4.7,3.0,THC —,CBD —,Euphoric,,,,,,,0.0,0.006,0.006,0.0,0.0,0.0,0.006,0.097,0.094,0.004,0.019,0.13,0.234,0.0,0.274,0.883,,0.083,0.078,0.0,0.0,,0.55,0.0,19.83,0.0,0.0,0.04,0.0,0.0,0.0,0.43,0.1,0.0,
